configuration,chunking,top_k,candidate_k,rrf_k,vector_weight,query_id,split,recall,reciprocal_rank,precision,context_chars,returned_files
default,ast80,5,20,60,0.5,d01,development,1.0,1.0,0.2,5032,security.py;tools/protocol_probe.py;main.py;services/context_store.py;worker.py
default,ast80,5,20,60,0.5,d02,development,1.0,1.0,0.2,7601,worker.py;main.py;services/task_queue.py;agents/workflow.py;tools/protocol_probe.py
default,ast80,5,20,60,0.5,d03,development,1.0,0.25,0.2,75144,worker.py;main.py;services/task_execution_service.py;database/task_repository.py;agents/base_tool_agent.py
default,ast80,5,20,60,0.5,d04,development,0.0,0.0,0.0,6168,evals/retrieval.py;tools/retrieval_tool.py;tools/file_tool.py;rag/chunker.py;rag/policy.py
default,ast80,5,20,60,0.5,d05,development,0.0,0.0,0.0,8836,tools/write_tool.py;tools/code_outline.py;tools/protocol_probe.py;tools/retrieval_tool.py;agents/strategy.py
default,ast80,5,20,60,0.5,d06,development,1.0,1.0,0.2,22824,sandbox/docker_runner.py;main.py;tools/test_tool.py;mcp_clients/github_client.py;services/task_queue.py
default,ast80,5,20,60,0.5,d07,development,0.0,0.0,0.0,5965,evals/runner.py;mcp_clients/github_client.py;evals/audit.py;tools/write_tool.py;services/repository_analyzer.py
default,ast80,5,20,60,0.5,d08,development,1.0,0.2,0.2,53020,agents/single_developer_agent.py;agents/base_tool_agent.py;agents/planner_agent.py;agents/tester_agent.py;services/context_store.py
default,ast80,5,20,60,0.5,d09,development,1.0,1.0,0.2,2590,evals/pytest_output.py;evals/real_world.py;evals/retrieval.py;evals/audit.py;services/structured_output.py
default,ast80,5,20,60,0.5,d10,development,1.0,0.25,0.2,13210,tools/protocol_probe.py;services/github_issue_service.py;tools/retrieval_tool.py;agents/strategy.py;main.py
default,ast80,5,20,60,0.5,d11,development,1.0,1.0,0.2,4900,llm_client.py;mcp_clients/repository_client.py;services/repository_analyzer.py;evals/real_world.py;evals/runner.py
default,ast80,5,20,60,0.5,d12,development,1.0,1.0,0.2,52524,agents/workflow.py;tools/protocol_probe.py;agents/base_tool_agent.py;main.py;evals/runner.py
default,ast80,5,20,60,0.5,d13,development,1.0,0.5,0.2,3346,main.py;services/task_execution_service.py;evals/runner.py;services/context_store.py;agents/orchestrator.py
default,ast80,5,20,60,0.5,d14,development,1.0,1.0,0.2,3383,evals/retrieval.py;evals/audit.py;rag/chunker.py;services/repository_analyzer.py;evals/models.py
default,ast80,5,20,60,0.5,d15,development,1.0,0.5,0.2,29901,worker.py;services/task_queue.py;main.py;services/task_execution_service.py;database/mysql_schema.py
default,ast80,5,20,60,0.5,d16,development,1.0,1.0,0.2,8320,rag/policy.py;evals/retrieval.py;rag/chunker.py;tools/retrieval_tool.py;agents/strategy.py
default,ast80,5,20,60,0.5,v01,validation,0.0,0.0,0.0,6387,tools/write_tool.py;rag/policy.py;worker.py;database/__init__.py;models/agent_state.py
default,ast80,5,20,60,0.5,v02,validation,1.0,1.0,0.2,17913,worker.py;main.py;services/task_execution_service.py;evals/real_world.py;tools/protocol_probe.py
default,ast80,5,20,60,0.5,v03,validation,0.0,0.0,0.0,62345,agents/base_tool_agent.py;mcp_clients/repository_client.py;evals/runner.py;mcp_clients/github_client.py;services/task_execution_service.py
default,ast80,5,20,60,0.5,v04,validation,1.0,0.3333333333333333,0.2,16306,services/publish_service.py;evals/retrieval.py;rag/code_index.py;rag/policy.py;rag/chunker.py
default,ast80,5,20,60,0.5,v05,validation,1.0,0.2,0.2,6138,agents/strategy.py;tools/test_tool.py;tools/write_tool.py;evals/real_world.py;rag/chunker.py
default,ast80,5,20,60,0.5,v06,validation,1.0,0.5,0.2,8369,tools/command_tool.py;sandbox/docker_runner.py;mcp_clients/repository_client.py;evals/runner.py;evals/real_world.py
default,ast80,5,20,60,0.5,v07,validation,0.0,0.0,0.0,6907,evals/models.py;tools/test_tool.py;tools/protocol_probe.py;tools/file_tool.py;evals/runner.py
default,ast80,5,20,60,0.5,v08,validation,1.0,1.0,0.2,50959,services/context_store.py;agents/base_tool_agent.py;services/repository_analyzer.py;llm_client.py;tools/file_tool.py
default,ast80,5,20,60,0.5,v09,validation,0.0,0.0,0.0,6830,evals/real_world.py;tools/protocol_probe.py;tools/test_tool.py;main.py;evals/plotter.py
default,ast80,5,20,60,0.5,v10,validation,1.0,0.3333333333333333,0.2,5550,tools/code_outline.py;tools/protocol_probe.py;agents/strategy.py;evals/real_world.py;rag/policy.py
default,ast80,5,20,60,0.5,v11,validation,1.0,1.0,0.4,13670,llm_client.py;mcp_clients/github_client.py;mcp_clients/repository_client.py;config.py;evals/real_world.py
default,ast80,5,20,60,0.5,v12,validation,1.0,1.0,0.2,52252,agents/workflow.py;agents/base_tool_agent.py;tools/protocol_probe.py;evals/real_world.py;database/evaluation_repository.py
default,ast80,5,20,60,0.5,v13,validation,1.0,0.5,0.2,31865,main.py;services/task_execution_service.py;worker.py;agents/single_developer_agent.py;services/task_queue.py
default,ast80,5,20,60,0.5,v14,validation,1.0,0.5,0.2,15648,tools/retrieval_tool.py;evals/retrieval.py;tools/file_tool.py;rag/policy.py;rag/code_index.py
default,ast80,5,20,60,0.5,v15,validation,0.0,0.0,0.0,50864,worker.py;agents/base_tool_agent.py;evals/real_world.py;database/connection.py;main.py
default,ast80,5,20,60,0.5,v16,validation,1.0,1.0,0.2,3956,rag/policy.py;tools/retrieval_tool.py;main.py;database/connection.py;evals/real_world.py
selected,window80_no_overlap,5,20,10,0.5,d01,development,1.0,0.5,0.2,11132,tools/protocol_probe.py;security.py;main.py;services/task_execution_service.py;services/task_queue.py
selected,window80_no_overlap,5,20,10,0.5,d02,development,1.0,1.0,0.2,12522,worker.py;services/task_queue.py;agents/workflow.py;tools/code_outline.py;tools/protocol_probe.py
selected,window80_no_overlap,5,20,10,0.5,d03,development,1.0,1.0,0.2,13622,database/task_repository.py;services/task_execution_service.py;main.py;database/publish_repository.py;worker.py
selected,window80_no_overlap,5,20,10,0.5,d04,development,1.0,0.2,0.2,9378,evals/retrieval.py;agents/strategy.py;mcp_servers/repository_server.py;tools/retrieval_tool.py;rag/code_index.py
selected,window80_no_overlap,5,20,10,0.5,d05,development,1.0,0.5,0.2,11061,tools/code_outline.py;rag/chunker.py;tools/write_tool.py;tools/retrieval_tool.py;tools/protocol_probe.py
selected,window80_no_overlap,5,20,10,0.5,d06,development,1.0,1.0,0.2,9798,sandbox/docker_runner.py;tools/test_tool.py;tools/protocol_probe.py;main.py;tools/command_tool.py
selected,window80_no_overlap,5,20,10,0.5,d07,development,1.0,1.0,0.2,9275,agents/base_tool_agent.py;tools/write_tool.py;evals/export_official_predictions.py;tools/registry.py;schemas.py
selected,window80_no_overlap,5,20,10,0.5,d08,development,1.0,0.25,0.2,14243,services/task_execution_service.py;agents/base_tool_agent.py;main.py;services/context_store.py;agents/orchestrator.py
selected,window80_no_overlap,5,20,10,0.5,d09,development,1.0,1.0,0.2,8410,evals/pytest_output.py;evals/real_world.py;services/structured_output.py;agents/orchestrator.py;agents/pr_agent.py
selected,window80_no_overlap,5,20,10,0.5,d10,development,1.0,0.2,0.2,10766,tools/protocol_probe.py;main.py;agents/single_developer_agent.py;services/github_issue_service.py;agents/strategy.py
selected,window80_no_overlap,5,20,10,0.5,d11,development,1.0,0.3333333333333333,0.2,10582,mcp_clients/repository_client.py;agents/pr_agent.py;llm_client.py;agents/base_tool_agent.py;main.py
selected,window80_no_overlap,5,20,10,0.5,d12,development,1.0,1.0,0.2,11794,agents/workflow.py;agents/base_tool_agent.py;agents/single_developer_agent.py;agents/strategy.py;models/agent_state.py
selected,window80_no_overlap,5,20,10,0.5,d13,development,1.0,0.5,0.2,14473,main.py;services/task_execution_service.py;evals/runner.py;worker.py;evals/real_world.py
selected,window80_no_overlap,5,20,10,0.5,d14,development,1.0,1.0,0.2,11320,evals/retrieval.py;rag/code_index.py;agents/strategy.py;rag/policy.py;rag/chunker.py
selected,window80_no_overlap,5,20,10,0.5,d15,development,1.0,1.0,0.2,11555,services/task_queue.py;worker.py;services/task_execution_service.py;database/connection.py;config.py
selected,window80_no_overlap,5,20,10,0.5,d16,development,1.0,0.5,0.2,11321,evals/retrieval.py;rag/policy.py;mcp_servers/repository_server.py;agents/strategy.py;rag/chunker.py
selected,window80_no_overlap,5,20,10,0.5,v01,validation,0.0,0.0,0.0,7364,tools/write_tool.py;worker.py;database/__init__.py;rag/policy.py;agents/reviewer_agent.py
selected,window80_no_overlap,5,20,10,0.5,v02,validation,1.0,1.0,0.2,13877,worker.py;services/task_execution_service.py;main.py;database/connection.py;services/task_queue.py
selected,window80_no_overlap,5,20,10,0.5,v03,validation,0.0,0.0,0.0,13260,services/task_execution_service.py;mcp_clients/repository_client.py;agents/base_tool_agent.py;mcp_clients/github_client.py;services/context_store.py
selected,window80_no_overlap,5,20,10,0.5,v04,validation,1.0,1.0,0.2,11378,rag/code_index.py;evals/retrieval.py;tools/retrieval_tool.py;evals/real_world.py;rag/policy.py
selected,window80_no_overlap,5,20,10,0.5,v05,validation,1.0,0.5,0.2,12514,agents/strategy.py;rag/chunker.py;evals/real_world.py;tools/write_tool.py;sandbox/docker_runner.py
selected,window80_no_overlap,5,20,10,0.5,v06,validation,1.0,0.25,0.2,9503,mcp_clients/repository_client.py;evals/real_world.py;tools/command_tool.py;sandbox/docker_runner.py;tools/test_tool.py
selected,window80_no_overlap,5,20,10,0.5,v07,validation,1.0,1.0,0.2,14079,agents/base_tool_agent.py;tools/file_tool.py;tools/protocol_probe.py;evals/real_world.py;evals/analysis.py
selected,window80_no_overlap,5,20,10,0.5,v08,validation,1.0,1.0,0.2,11905,services/context_store.py;agents/base_tool_agent.py;tools/registry.py;tools/file_tool.py;main.py
selected,window80_no_overlap,5,20,10,0.5,v09,validation,1.0,0.3333333333333333,0.2,10409,evals/real_world.py;tools/protocol_probe.py;evals/pytest_output.py;tools/code_outline.py;agents/base_tool_agent.py
selected,window80_no_overlap,5,20,10,0.5,v10,validation,1.0,0.5,0.2,10641,tools/code_outline.py;agents/strategy.py;tools/protocol_probe.py;tools/file_tool.py;rag/code_index.py
selected,window80_no_overlap,5,20,10,0.5,v11,validation,0.5,0.5,0.2,11992,agents/base_tool_agent.py;llm_client.py;security.py;evals/real_world.py;agents/pr_agent.py
selected,window80_no_overlap,5,20,10,0.5,v12,validation,1.0,1.0,0.2,13606,agents/workflow.py;agents/single_developer_agent.py;agents/base_tool_agent.py;evals/real_world.py;evals/runner.py
selected,window80_no_overlap,5,20,10,0.5,v13,validation,1.0,1.0,0.2,12566,services/task_execution_service.py;services/task_policy.py;worker.py;services/task_queue.py;main.py
selected,window80_no_overlap,5,20,10,0.5,v14,validation,1.0,1.0,0.2,9036,evals/retrieval.py;mcp_servers/repository_server.py;tools/retrieval_tool.py;rag/code_index.py;agents/strategy.py
selected,window80_no_overlap,5,20,10,0.5,v15,validation,1.0,1.0,0.2,12744,services/task_queue.py;worker.py;tools/write_tool.py;services/task_execution_service.py;database/connection.py
selected,window80_no_overlap,5,20,10,0.5,v16,validation,1.0,0.5,0.2,11474,evals/retrieval.py;rag/policy.py;mcp_servers/repository_server.py;main.py;evals/real_world.py
