chunking,top_k,candidate_k,rrf_k,vector_weight,development_queries,development_recall,development_reciprocal_rank,development_precision,development_context_chars,validation_queries,validation_recall,validation_reciprocal_rank,validation_precision,validation_context_chars
ast80,3,10,10,0.5,16,0.6875,0.5833333333333334,0.23958333333333331,11403.625,16,0.625,0.4166666666666667,0.22916666666666666,16935
ast80,5,10,10,0.25,16,0.8125,0.5854166666666667,0.18125000000000002,22204.375,16,0.65625,0.49166666666666664,0.1375,23255.125
ast80,1,40,60,0.0,16,0.375,0.375,0.375,2896.4375,16,0.3125,0.3125,0.3125,2832.9375
ast80,1,40,10,0.25,16,0.375,0.375,0.375,3165.125,16,0.28125,0.3125,0.3125,2176.1875
ast80,1,20,60,0.75,16,0.4375,0.4375,0.4375,1610,16,0.28125,0.3125,0.3125,3820.4375
ast80,5,20,60,0.25,16,0.8125,0.5489583333333333,0.1625,23533.5,16,0.71875,0.5041666666666667,0.15000000000000002,22491.0625
ast80,3,20,10,0.75,16,0.6875,0.4583333333333333,0.22916666666666666,7962.5,16,0.6875,0.46875,0.25,10893
ast80,1,40,10,1.0,16,0.25,0.25,0.25,1086.25,16,0.21875,0.25,0.25,1288.875
ast80,1,20,60,0.25,16,0.375,0.375,0.375,3081.3125,16,0.34375,0.375,0.375,4747.5
ast80,10,20,10,0.5,16,1.0,0.6296875,0.10069444444444445,35650.625,16,0.8125,0.4574404761904762,0.08750000000000001,35398.75
ast80,3,10,10,0.0,16,0.75,0.5416666666666666,0.26041666666666663,12601.5625,16,0.5625,0.40625,0.1875,12984.9375
ast80,10,40,10,1.0,16,0.8125,0.46875,0.08125,27451.9375,16,0.8125,0.4583333333333333,0.08750000000000001,34473.8125
ast80,3,20,60,1.0,16,0.625,0.4375,0.20833333333333331,8286.8125,16,0.59375,0.4166666666666667,0.20833333333333331,3277
ast80,1,20,60,0.0,16,0.375,0.375,0.375,2896.4375,16,0.3125,0.3125,0.3125,2832.9375
ast80,10,20,10,0.0,16,0.875,0.5645833333333333,0.09174107142857144,39875.25,16,0.78125,0.4568452380952381,0.08194444444444444,44917.125
ast80,1,20,10,0.75,16,0.25,0.25,0.25,1115.25,16,0.21875,0.25,0.25,1453.0625
ast80,5,10,10,0.5,16,0.75,0.5958333333333333,0.16875,15616.375,16,0.6875,0.42916666666666664,0.15000000000000002,20076.6875
ast80,3,40,60,1.0,16,0.625,0.4375,0.20833333333333331,8286.8125,16,0.59375,0.4166666666666667,0.20833333333333331,3277
ast80,3,10,60,0.75,16,0.6875,0.5520833333333334,0.23958333333333331,7818.9375,16,0.625,0.4479166666666667,0.22916666666666666,16533.5625
ast80,1,10,60,1.0,16,0.25,0.25,0.25,1086.25,16,0.21875,0.25,0.25,1288.875
ast80,1,40,60,0.75,16,0.4375,0.4375,0.4375,1571.8125,16,0.28125,0.3125,0.3125,1024.6875
ast80,5,20,60,1.0,16,0.6875,0.453125,0.1375,10511.125,16,0.75,0.4479166666666667,0.1625,15317.3125
ast80,5,10,60,0.0,16,0.8125,0.5541666666666667,0.184375,20541,16,0.65625,0.4375,0.1375,23071.3125
ast80,1,40,60,0.25,16,0.375,0.375,0.375,3081.3125,16,0.34375,0.375,0.375,4747.5
ast80,10,20,60,1.0,16,0.8125,0.46875,0.09236111111111112,26308.3125,16,0.8125,0.4583333333333333,0.09312996031746032,31257.75
ast80,10,20,60,0.25,16,0.9375,0.5683035714285715,0.09444444444444444,41918.9375,16,0.84375,0.5173611111111112,0.08750000000000001,43956
ast80,1,10,60,0.5,16,0.5,0.5,0.5,1555.875,16,0.28125,0.3125,0.3125,4001.0625
ast80,3,20,60,0.0,16,0.75,0.5416666666666666,0.25,12645.8125,16,0.5625,0.40625,0.1875,13091.4375
ast80,10,10,10,0.75,16,0.875,0.5480902777777777,0.12073412698412699,23194.3125,16,0.8125,0.48125,0.0951140873015873,29152.3125
ast80,5,40,10,0.25,16,0.75,0.5416666666666666,0.15000000000000002,21825.8125,16,0.71875,0.47604166666666664,0.15000000000000002,24174.1875
ast80,1,10,60,0.0,16,0.375,0.375,0.375,2896.4375,16,0.3125,0.3125,0.3125,2832.9375
ast80,5,40,60,1.0,16,0.6875,0.453125,0.1375,10511.125,16,0.75,0.4479166666666667,0.1625,15317.3125
ast80,10,10,10,0.5,16,0.9375,0.6203869047619047,0.12698412698412698,27355.4375,16,0.8125,0.4485119047619048,0.0951140873015873,30113.25
ast80,1,40,10,0.75,16,0.25,0.25,0.25,1115.25,16,0.21875,0.25,0.25,1398.4375
ast80,3,40,10,0.0,16,0.75,0.5416666666666666,0.25,12645.8125,16,0.5625,0.40625,0.1875,13091.4375
ast80,5,20,10,1.0,16,0.6875,0.453125,0.1375,10511.125,16,0.75,0.4479166666666667,0.1625,15317.3125
ast80,10,20,10,0.75,16,0.875,0.48288690476190477,0.08819444444444445,29233.125,16,0.8125,0.496875,0.08750000000000001,33291.625
ast80,5,20,60,0.5,16,0.8125,0.60625,0.1625,18922.75,16,0.6875,0.46041666666666664,0.15000000000000002,22247.4375
ast80,1,20,10,0.0,16,0.375,0.375,0.375,2896.4375,16,0.3125,0.3125,0.3125,2832.9375
ast80,5,20,10,0.25,16,0.75,0.5729166666666666,0.15000000000000002,20895.6875,16,0.71875,0.5145833333333333,0.15000000000000002,24109
ast80,5,20,10,0.75,16,0.6875,0.4583333333333333,0.1375,13579.3125,16,0.8125,0.496875,0.17500000000000002,19441.5
ast80,3,20,10,1.0,16,0.625,0.4375,0.20833333333333331,8286.8125,16,0.59375,0.4166666666666667,0.20833333333333331,3277
ast80,5,20,10,0.5,16,0.8125,0.60625,0.1625,15998.75,16,0.6875,0.4395833333333333,0.15000000000000002,22398.625
ast80,5,40,10,1.0,16,0.6875,0.453125,0.1375,10511.125,16,0.75,0.4479166666666667,0.1625,15317.3125
ast80,5,40,60,0.5,16,0.8125,0.603125,0.1625,18699.75,16,0.78125,0.496875,0.1625,25371
ast80,10,20,60,0.0,16,0.875,0.5645833333333333,0.09174107142857144,39875.25,16,0.78125,0.4568452380952381,0.08194444444444444,44917.125
ast80,1,10,10,0.0,16,0.375,0.375,0.375,2896.4375,16,0.3125,0.3125,0.3125,2832.9375
ast80,10,40,10,0.75,16,0.9375,0.48660714285714285,0.09375,27469.1875,16,0.8125,0.4864583333333333,0.08750000000000001,32696.1875
ast80,5,10,10,1.0,16,0.6875,0.453125,0.15937500000000002,10236.125,16,0.75,0.4479166666666667,0.16875,15116.75
ast80,3,40,60,0.75,16,0.625,0.53125,0.20833333333333331,10978.0625,16,0.65625,0.4791666666666667,0.22916666666666666,17102
ast80,3,10,10,1.0,16,0.625,0.4375,0.21875,8242.375,16,0.59375,0.4166666666666667,0.20833333333333331,3277
ast80,3,40,10,0.75,16,0.625,0.4375,0.20833333333333331,7824.3125,16,0.6875,0.4583333333333333,0.25,10684.125
ast80,10,40,60,0.75,16,0.9375,0.580952380952381,0.09375,34844.8125,16,0.8125,0.5104166666666666,0.08750000000000001,34681
ast80,10,10,60,1.0,16,0.75,0.4609375,0.1435515873015873,11822.625,16,0.8125,0.4583333333333333,0.1486111111111111,21882.875
ast80,5,40,60,0.75,16,0.6875,0.54375,0.1375,20231.6875,16,0.8125,0.5104166666666666,0.17500000000000002,24012.4375
ast80,10,40,10,0.0,16,0.875,0.5645833333333333,0.08750000000000001,43987.125,16,0.78125,0.4568452380952381,0.08125,48042.4375
ast80,3,20,10,0.5,16,0.625,0.5625,0.20833333333333331,10859.25,16,0.625,0.4270833333333333,0.22916666666666666,17556.5625
ast80,3,40,60,0.5,16,0.625,0.5625,0.20833333333333331,11002.1875,16,0.65625,0.46875,0.22916666666666666,17739.6875
ast80,1,10,10,1.0,16,0.25,0.25,0.25,1086.25,16,0.21875,0.25,0.25,1288.875
ast80,5,40,60,0.0,16,0.8125,0.5541666666666667,0.1625,22120,16,0.65625,0.4375,0.1375,23343.4375
ast80,3,20,10,0.0,16,0.75,0.5416666666666666,0.25,12645.8125,16,0.5625,0.40625,0.1875,13091.4375
ast80,10,20,10,0.25,16,0.9375,0.6006944444444444,0.09444444444444444,42735.625,16,0.84375,0.5297619047619048,0.08750000000000001,44351.3125
ast80,1,10,10,0.75,16,0.375,0.375,0.375,1286.25,16,0.21875,0.25,0.25,1453.0625
ast80,5,10,60,0.5,16,0.75,0.5958333333333333,0.16875,15616.375,16,0.6875,0.46041666666666664,0.15000000000000002,20076.6875
ast80,3,40,60,0.0,16,0.75,0.5416666666666666,0.25,12645.8125,16,0.5625,0.40625,0.1875,13091.4375
ast80,5,40,60,0.25,16,0.8125,0.5458333333333333,0.1625,19518.0625,16,0.71875,0.5229166666666667,0.15000000000000002,25342.9375
ast80,10,40,10,0.25,16,0.9375,0.5694444444444444,0.09375,44430,16,0.84375,0.4907986111111111,0.08750000000000001,47084.125
ast80,1,10,60,0.75,16,0.4375,0.4375,0.4375,1541.6875,16,0.28125,0.3125,0.3125,3930.625
ast80,5,40,10,0.75,16,0.6875,0.453125,0.1375,16474.125,16,0.8125,0.4864583333333333,0.17500000000000002,19293.3125
ast80,3,10,10,0.25,16,0.75,0.5729166666666666,0.26041666666666663,14031.5625,16,0.59375,0.4791666666666667,0.20833333333333331,15673.3125
ast80,10,20,10,1.0,16,0.8125,0.46875,0.09236111111111112,26308.3125,16,0.8125,0.4583333333333333,0.09312996031746032,31257.75
ast80,3,20,10,0.25,16,0.75,0.5729166666666666,0.25,14064.625,16,0.59375,0.4895833333333333,0.20833333333333331,15700.4375
ast80,3,40,10,1.0,16,0.625,0.4375,0.20833333333333331,8286.8125,16,0.59375,0.4166666666666667,0.20833333333333331,3277
ast80,1,20,60,0.5,16,0.5,0.5,0.5,1624.1875,16,0.28125,0.3125,0.3125,3890.875
ast80,5,10,10,0.0,16,0.8125,0.5541666666666667,0.184375,20541,16,0.65625,0.4375,0.1375,23071.3125
ast80,5,40,10,0.0,16,0.8125,0.5541666666666667,0.1625,22120,16,0.65625,0.4375,0.1375,23343.4375
ast80,1,40,10,0.5,16,0.5,0.5,0.5,1586,16,0.21875,0.25,0.25,3843.5625
ast80,10,10,60,0.25,16,0.9375,0.5735119047619047,0.12698412698412698,29631,16,0.875,0.5043154761904762,0.1013640873015873,35712.875
ast80,10,10,60,0.5,16,0.9375,0.6203869047619047,0.12698412698412698,27355.4375,16,0.8125,0.4797619047619048,0.0951140873015873,30113.25
ast80,5,10,10,0.75,16,0.75,0.5333333333333333,0.16875,10047.6875,16,0.8125,0.48125,0.17500000000000002,19215.6875
ast80,10,40,10,0.5,16,1.0,0.6230902777777778,0.1,39387.25,16,0.8125,0.4864583333333333,0.08750000000000001,37326.4375
ast80,5,20,60,0.75,16,0.75,0.559375,0.15000000000000002,17618.625,16,0.75,0.47291666666666665,0.1625,21042.625
ast80,3,10,60,1.0,16,0.625,0.4375,0.21875,8242.375,16,0.59375,0.4166666666666667,0.20833333333333331,3277
ast80,3,10,10,0.75,16,0.6875,0.5208333333333334,0.23958333333333331,7353.1875,16,0.625,0.4375,0.22916666666666666,10911.75
ast80,1,40,10,0.0,16,0.375,0.375,0.375,2896.4375,16,0.3125,0.3125,0.3125,2832.9375
ast80,1,40,60,0.5,16,0.5,0.5,0.5,1624.1875,16,0.28125,0.3125,0.3125,3873.6875
ast80,1,10,60,0.25,16,0.375,0.375,0.375,2380.6875,16,0.34375,0.375,0.375,5027.5
ast80,10,10,60,0.0,16,0.875,0.5645833333333333,0.14967757936507936,26479.75,16,0.78125,0.4568452380952381,0.11862599206349206,31630.1875
ast80,10,20,60,0.75,16,0.875,0.5787202380952381,0.08819444444444445,29360.8125,16,0.8125,0.48333333333333334,0.08750000000000001,33979.75
ast80,10,40,60,1.0,16,0.8125,0.46875,0.08125,27451.9375,16,0.8125,0.4583333333333333,0.08750000000000001,34473.8125
ast80,10,10,60,0.75,16,0.875,0.5793402777777777,0.12073412698412699,23720.3125,16,0.8125,0.48854166666666665,0.0951140873015873,29170.25
ast80,10,40,60,0.5,16,0.9375,0.6183035714285714,0.09375,39987.6875,16,0.8125,0.496875,0.08750000000000001,36093.6875
ast80,3,20,60,0.5,16,0.625,0.5625,0.20833333333333331,10910.8125,16,0.59375,0.4479166666666667,0.20833333333333331,17252.375
ast80,10,40,60,0.25,16,0.9375,0.5640625,0.09375,43936.125,16,0.78125,0.5318452380952381,0.08125,39214
ast80,3,20,60,0.25,16,0.6875,0.5208333333333334,0.22916666666666666,11936.4375,16,0.59375,0.4791666666666667,0.20833333333333331,18197.0625
ast80,10,40,60,0.0,16,0.875,0.5645833333333333,0.08750000000000001,43987.125,16,0.78125,0.4568452380952381,0.08125,48042.4375
ast80,1,10,10,0.25,16,0.4375,0.4375,0.4375,3248.375,16,0.34375,0.375,0.375,5027.5
ast80,1,40,60,1.0,16,0.25,0.25,0.25,1086.25,16,0.21875,0.25,0.25,1288.875
ast80,3,20,60,0.75,16,0.625,0.53125,0.20833333333333331,13627,16,0.59375,0.4479166666666667,0.20833333333333331,16569.75
ast80,10,10,10,0.0,16,0.875,0.5645833333333333,0.14967757936507936,26479.75,16,0.78125,0.4568452380952381,0.11862599206349206,31630.1875
ast80,5,20,60,0.0,16,0.8125,0.5541666666666667,0.1625,22120,16,0.65625,0.4375,0.1375,23343.4375
ast80,3,40,10,0.5,16,0.625,0.5625,0.20833333333333331,10846.4375,16,0.6875,0.4583333333333333,0.25,18479.6875
ast80,5,40,10,0.5,16,0.75,0.5875,0.15000000000000002,17618.6875,16,0.8125,0.4864583333333333,0.17500000000000002,24512.6875
ast80,3,40,60,0.25,16,0.6875,0.5208333333333334,0.22916666666666666,11068.4375,16,0.65625,0.5104166666666666,0.22916666666666666,18904.0625
ast80,10,10,10,1.0,16,0.75,0.4609375,0.1435515873015873,11822.625,16,0.8125,0.4583333333333333,0.1486111111111111,21882.875
ast80,10,20,60,0.5,16,1.0,0.6308035714285715,0.10069444444444445,35676.1875,16,0.8125,0.47827380952380955,0.08750000000000001,35398.75
ast80,5,10,60,0.75,16,0.75,0.5645833333333333,0.16875,10573.6875,16,0.8125,0.48854166666666665,0.17500000000000002,19233.625
ast80,3,10,60,0.25,16,0.75,0.5416666666666666,0.26041666666666663,14631.5,16,0.53125,0.4479166666666667,0.1875,17731.125
ast80,10,10,10,0.25,16,0.9375,0.6047619047619047,0.12698412698412698,29761.9375,16,0.875,0.5199404761904762,0.1013640873015873,35939.9375
ast80,1,20,10,1.0,16,0.25,0.25,0.25,1086.25,16,0.21875,0.25,0.25,1288.875
ast80,1,20,10,0.25,16,0.4375,0.4375,0.4375,3248.375,16,0.34375,0.375,0.375,5208.5625
ast80,1,10,10,0.5,16,0.5,0.5,0.5,1555.875,16,0.21875,0.25,0.25,3970.9375
ast80,5,10,60,0.25,16,0.8125,0.5541666666666667,0.18125000000000002,21374.4375,16,0.65625,0.47604166666666664,0.1375,22978.5
ast80,5,20,10,0.0,16,0.8125,0.5541666666666667,0.1625,22120,16,0.65625,0.4375,0.1375,23343.4375
ast80,1,20,10,0.5,16,0.5,0.5,0.5,1586,16,0.21875,0.25,0.25,3898.1875
ast80,1,20,60,1.0,16,0.25,0.25,0.25,1086.25,16,0.21875,0.25,0.25,1288.875
ast80,3,40,10,0.25,16,0.75,0.5416666666666666,0.25,14141.375,16,0.59375,0.4479166666666667,0.20833333333333331,15773.0625
ast80,3,10,60,0.5,16,0.6875,0.5833333333333334,0.23958333333333331,11403.625,16,0.625,0.4479166666666667,0.22916666666666666,16935
ast80,5,10,60,1.0,16,0.6875,0.453125,0.15937500000000002,10236.125,16,0.75,0.4479166666666667,0.16875,15116.75
ast80,3,10,60,0.0,16,0.75,0.5416666666666666,0.26041666666666663,12601.5625,16,0.5625,0.40625,0.1875,12984.9375
window40,3,10,10,0.5,16,0.8125,0.5729166666666666,0.2708333333333333,3746.125,16,0.6875,0.5833333333333334,0.22916666666666666,3677.375
window40,5,10,10,0.25,16,0.8125,0.6197916666666666,0.17708333333333334,6046.75,16,0.78125,0.634375,0.16562500000000002,6244.5625
window40,1,40,60,0.0,16,0.375,0.375,0.375,1179.3125,16,0.4375,0.4375,0.4375,1290.5625
window40,1,40,10,0.25,16,0.4375,0.4375,0.4375,1178.8125,16,0.5625,0.5625,0.5625,1311.4375
window40,1,20,60,0.75,16,0.5,0.5,0.5,1229.5625,16,0.5,0.5,0.5,1274.8125
window40,5,20,60,0.25,16,0.875,0.6427083333333333,0.18333333333333335,6232.875,16,0.75,0.6614583333333334,0.15000000000000002,6450.8125
window40,3,20,10,0.75,16,0.75,0.5520833333333334,0.25,3742.1875,16,0.6875,0.5833333333333334,0.22916666666666666,3716
window40,1,40,10,1.0,16,0.375,0.375,0.375,1210,16,0.375,0.375,0.375,1169.125
window40,1,20,60,0.25,16,0.5,0.5,0.5,1244.875,16,0.625,0.625,0.625,1350.5625
window40,10,20,10,0.5,16,0.9375,0.6192708333333333,0.11396329365079365,10890.5625,16,0.8125,0.6119791666666666,0.08975694444444444,12018.625
window40,3,10,10,0.0,16,0.6875,0.5,0.2708333333333333,3644.125,16,0.625,0.5208333333333334,0.21875,3718.25
window40,10,40,10,1.0,16,0.9375,0.5784722222222223,0.10580357142857143,11140.4375,16,0.9375,0.5610119047619048,0.10381944444444445,11501.8125
window40,3,20,60,1.0,16,0.75,0.5520833333333334,0.25,3650.8125,16,0.6875,0.5104166666666666,0.22916666666666666,3717.375
window40,1,20,60,0.0,16,0.375,0.375,0.375,1179.3125,16,0.4375,0.4375,0.4375,1290.5625
window40,10,20,10,0.0,16,0.9375,0.5505952380952381,0.17750496031746033,9197.375,16,0.78125,0.559375,0.10024801587301588,10092.25
window40,1,20,10,0.75,16,0.375,0.375,0.375,1244,16,0.5,0.5,0.5,1247.0625
window40,5,10,10,0.5,16,0.8125,0.5729166666666666,0.17708333333333334,5834.3125,16,0.75,0.5989583333333334,0.153125,6061.375
window40,3,40,60,1.0,16,0.75,0.5520833333333334,0.25,3650.8125,16,0.6875,0.5104166666666666,0.22916666666666666,3717.375
window40,3,10,60,0.75,16,0.8125,0.6041666666666666,0.2708333333333333,3753.25,16,0.6875,0.5520833333333334,0.22916666666666666,3784.9375
window40,1,10,60,1.0,16,0.375,0.375,0.375,1210,16,0.375,0.375,0.375,1169.125
window40,1,40,60,0.75,16,0.5,0.5,0.5,1194.8125,16,0.5,0.5,0.5,1335
window40,5,20,60,1.0,16,0.8125,0.5645833333333333,0.18541666666666667,5474.75,16,0.78125,0.5416666666666666,0.1625,6312.0625
window40,5,10,60,0.0,16,0.8125,0.53125,0.25,5158.75,16,0.71875,0.5489583333333333,0.18125,5247.25
window40,1,40,60,0.25,16,0.5625,0.5625,0.5625,1224.1875,16,0.65625,0.6875,0.6875,1356.125
window40,10,20,60,1.0,16,0.9375,0.5784722222222223,0.15243055555555557,8752.625,16,0.8125,0.5416666666666666,0.11334325396825397,9557.5
window40,10,20,60,0.25,16,0.9375,0.653125,0.11396329365079365,11118.75,16,0.78125,0.671875,0.08350694444444445,12244.3125
window40,1,10,60,0.5,16,0.375,0.375,0.375,1167.75,16,0.5,0.5,0.5,1279.8125
window40,3,20,60,0.0,16,0.6875,0.5,0.2708333333333333,3644.125,16,0.625,0.5208333333333334,0.20833333333333331,3871.4375
window40,10,10,10,0.75,16,0.8125,0.59375,0.14781746031746032,7747.0625,16,0.8125,0.6041666666666666,0.11974206349206348,9184.875
window40,5,40,10,0.25,16,0.8125,0.5989583333333334,0.1625,6312.9375,16,0.78125,0.640625,0.1625,6398.6875
window40,1,10,60,0.0,16,0.375,0.375,0.375,1179.3125,16,0.4375,0.4375,0.4375,1290.5625
window40,5,40,60,1.0,16,0.8125,0.5645833333333333,0.16562500000000002,5945.0625,16,0.78125,0.5416666666666666,0.1625,6312.0625
window40,10,10,10,0.5,16,0.8125,0.5729166666666666,0.14781746031746032,7714.5,16,0.8125,0.609375,0.11974206349206348,9130.8125
window40,1,40,10,0.75,16,0.375,0.375,0.375,1245.0625,16,0.5,0.5,0.5,1247.0625
window40,3,40,10,0.0,16,0.6875,0.5,0.22916666666666666,3805.5625,16,0.625,0.5208333333333334,0.20833333333333331,3940.9375
window40,5,20,10,1.0,16,0.8125,0.5645833333333333,0.18541666666666667,5474.75,16,0.78125,0.5416666666666666,0.1625,6312.0625
window40,10,20,10,0.75,16,1.0,0.5861111111111111,0.12021329365079365,10862.3125,16,0.8125,0.6145833333333334,0.08975694444444444,11762.25
window40,5,20,60,0.5,16,0.875,0.6114583333333333,0.18333333333333335,6128.875,16,0.75,0.6354166666666666,0.15000000000000002,6326.5625
window40,1,20,10,0.0,16,0.375,0.375,0.375,1179.3125,16,0.4375,0.4375,0.4375,1290.5625
window40,5,20,10,0.25,16,0.8125,0.5989583333333334,0.17083333333333334,6184.5625,16,0.78125,0.6458333333333334,0.1625,6467
window40,5,20,10,0.75,16,0.75,0.5520833333333334,0.15833333333333333,5885.625,16,0.78125,0.6145833333333334,0.1625,6270.125
window40,3,20,10,1.0,16,0.75,0.5520833333333334,0.25,3650.8125,16,0.6875,0.5104166666666666,0.22916666666666666,3717.375
window40,5,20,10,0.5,16,0.875,0.6114583333333333,0.18333333333333335,6137.0625,16,0.75,0.6041666666666666,0.15000000000000002,6332.625
window40,5,40,10,1.0,16,0.8125,0.5645833333333333,0.16562500000000002,5945.0625,16,0.78125,0.5416666666666666,0.1625,6312.0625
window40,5,40,60,0.5,16,0.8125,0.5989583333333334,0.1625,6070,16,0.90625,0.6791666666666667,0.1875,6131.9375
window40,10,20,60,0.0,16,0.9375,0.5505952380952381,0.17750496031746033,9197.375,16,0.78125,0.559375,0.10024801587301588,10092.25
window40,1,10,10,0.0,16,0.375,0.375,0.375,1179.3125,16,0.4375,0.4375,0.4375,1290.5625
window40,10,40,10,0.75,16,1.0,0.5880952380952381,0.1,11916.625,16,0.9375,0.6395833333333333,0.1,12019.375
window40,5,10,10,1.0,16,0.8125,0.5645833333333333,0.234375,4817.625,16,0.78125,0.5416666666666666,0.171875,5850
window40,3,40,60,0.75,16,0.75,0.6145833333333334,0.25,3732.375,16,0.75,0.6041666666666666,0.25,3865.9375
window40,3,10,10,1.0,16,0.75,0.5520833333333334,0.2708333333333333,3466.0625,16,0.6875,0.5104166666666666,0.22916666666666666,3717.375
window40,3,40,10,0.75,16,0.75,0.5520833333333334,0.25,3727.375,16,0.75,0.6041666666666666,0.25,3715.1875
window40,10,40,60,0.75,16,1.0,0.6610119047619047,0.1,12012.9375,16,0.9375,0.6443452380952381,0.1,12154.75
window40,10,10,60,1.0,16,0.8125,0.5645833333333333,0.22514880952380953,5226.125,16,0.8125,0.5416666666666666,0.1587549603174603,6863.5
window40,5,40,60,0.75,16,0.875,0.6458333333333334,0.17500000000000002,6091.8125,16,0.875,0.6354166666666666,0.17500000000000002,6326.6875
window40,10,40,10,0.0,16,0.9375,0.5505952380952381,0.1043154761904762,11240.8125,16,0.84375,0.5683035714285715,0.08819444444444445,11914.0625
window40,3,20,10,0.5,16,0.75,0.5833333333333334,0.25,3853.3125,16,0.75,0.6041666666666666,0.25,3741.1875
window40,3,40,60,0.5,16,0.75,0.5833333333333334,0.25,3761.25,16,0.75,0.6354166666666666,0.25,3770.5
window40,1,10,10,1.0,16,0.375,0.375,0.375,1210,16,0.375,0.375,0.375,1169.125
window40,5,40,60,0.0,16,0.8125,0.53125,0.1625,6236.5,16,0.71875,0.5489583333333333,0.15000000000000002,6285.8125
window40,3,20,10,0.0,16,0.6875,0.5,0.2708333333333333,3644.125,16,0.625,0.5208333333333334,0.20833333333333331,3871.4375
window40,10,20,10,0.25,16,0.9375,0.6197916666666666,0.11396329365079365,11101.25,16,0.78125,0.6458333333333334,0.08350694444444445,12265.0625
window40,1,10,10,0.75,16,0.4375,0.4375,0.4375,1224,16,0.5,0.5,0.5,1242.9375
window40,5,10,60,0.5,16,0.8125,0.5729166666666666,0.17708333333333334,5834.125,16,0.75,0.5989583333333334,0.153125,6061.375
window40,3,40,60,0.0,16,0.6875,0.5,0.22916666666666666,3805.5625,16,0.625,0.5208333333333334,0.20833333333333331,3940.9375
window40,5,40,60,0.25,16,0.875,0.6739583333333333,0.17500000000000002,6275.9375,16,0.84375,0.7364583333333333,0.17500000000000002,6242.625
window40,10,40,10,0.25,16,0.9375,0.6197916666666666,0.09375,12285.75,16,0.84375,0.6510416666666666,0.08750000000000001,12210.5625
window40,1,10,60,0.75,16,0.4375,0.4375,0.4375,1189.625,16,0.4375,0.4375,0.4375,1267.6875
window40,5,40,10,0.75,16,0.75,0.5520833333333334,0.15000000000000002,6015.0625,16,0.84375,0.6291666666666667,0.17500000000000002,6166.3125
window40,3,10,10,0.25,16,0.75,0.6041666666666666,0.25,3893.375,16,0.625,0.59375,0.20833333333333331,3893.125
window40,10,20,10,1.0,16,0.9375,0.5784722222222223,0.15243055555555557,8752.625,16,0.8125,0.5416666666666666,0.11334325396825397,9557.5
window40,3,20,10,0.25,16,0.75,0.5833333333333334,0.25,3911.3125,16,0.6875,0.6145833333333334,0.22916666666666666,3897.5625
window40,3,40,10,1.0,16,0.75,0.5520833333333334,0.25,3650.8125,16,0.6875,0.5104166666666666,0.22916666666666666,3717.375
window40,1,20,60,0.5,16,0.4375,0.4375,0.4375,1207.6875,16,0.5625,0.5625,0.5625,1287.9375
window40,5,10,10,0.0,16,0.8125,0.53125,0.25,5158.75,16,0.71875,0.5489583333333333,0.18125,5247.25
window40,5,40,10,0.0,16,0.8125,0.53125,0.1625,6236.5,16,0.71875,0.5489583333333333,0.15000000000000002,6285.8125
window40,1,40,10,0.5,16,0.4375,0.4375,0.4375,1165.0625,16,0.5,0.5,0.5,1306.3125
window40,10,10,60,0.25,16,0.8125,0.6197916666666666,0.14781746031746032,7874.5,16,0.8125,0.634375,0.11974206349206348,9312.125
window40,10,10,60,0.5,16,0.8125,0.5729166666666666,0.14781746031746032,7714.3125,16,0.8125,0.609375,0.11974206349206348,9130.8125
window40,5,10,10,0.75,16,0.75,0.5833333333333334,0.16458333333333333,5709.4375,16,0.78125,0.6041666666666666,0.16562500000000002,6149.25
window40,10,40,10,0.5,16,0.9375,0.6192708333333333,0.09375,12143.5625,16,0.9375,0.6324404761904762,0.1,12184.4375
window40,5,20,60,0.75,16,0.875,0.6427083333333333,0.18333333333333335,6035.75,16,0.75,0.6041666666666666,0.15000000000000002,6445.0625
window40,3,10,60,1.0,16,0.75,0.5520833333333334,0.2708333333333333,3466.0625,16,0.6875,0.5104166666666666,0.22916666666666666,3717.375
window40,3,10,10,0.75,16,0.75,0.5833333333333334,0.25,3781.5625,16,0.6875,0.5729166666666666,0.22916666666666666,3789.3125
window40,1,40,10,0.0,16,0.375,0.375,0.375,1179.3125,16,0.4375,0.4375,0.4375,1290.5625
window40,1,40,60,0.5,16,0.4375,0.4375,0.4375,1207.6875,16,0.5625,0.5625,0.5625,1285.75
window40,1,10,60,0.25,16,0.5,0.5,0.5,1182.4375,16,0.5625,0.5625,0.5625,1325.625
window40,10,10,60,0.0,16,0.8125,0.53125,0.2443452380952381,5473.625,16,0.71875,0.5489583333333333,0.1693452380952381,5735.125
window40,10,20,60,0.75,16,1.0,0.6559027777777777,0.12021329365079365,10944.125,16,0.8125,0.6145833333333334,0.08975694444444444,11859.375
window40,10,40,60,1.0,16,0.9375,0.5784722222222223,0.10580357142857143,11140.4375,16,0.9375,0.5610119047619048,0.10381944444444445,11501.8125
window40,10,10,60,0.75,16,0.8125,0.6041666666666666,0.14781746031746032,7725.5625,16,0.8125,0.5833333333333334,0.11974206349206348,9180.5
window40,10,40,60,0.5,16,0.9375,0.6197916666666666,0.09375,12179.5625,16,0.9375,0.6791666666666667,0.1,12244.375
window40,3,20,60,0.5,16,0.75,0.5833333333333334,0.25,3845.125,16,0.75,0.6354166666666666,0.25,3740.3125
window40,10,40,60,0.25,16,0.9375,0.684375,0.09375,12313.8125,16,0.90625,0.7453869047619047,0.09375,12106.4375
window40,3,20,60,0.25,16,0.75,0.6145833333333334,0.25,3907.9375,16,0.6875,0.6458333333333334,0.22916666666666666,3797.0625
window40,10,40,60,0.0,16,0.9375,0.5505952380952381,0.1043154761904762,11240.8125,16,0.84375,0.5683035714285715,0.08819444444444445,11914.0625
window40,1,10,10,0.25,16,0.5,0.5,0.5,1183.25,16,0.5625,0.5625,0.5625,1305.3125
window40,1,40,60,1.0,16,0.375,0.375,0.375,1210,16,0.375,0.375,0.375,1169.125
window40,3,20,60,0.75,16,0.75,0.6145833333333334,0.25,3895.75,16,0.75,0.6041666666666666,0.25,3836.3125
window40,10,10,10,0.0,16,0.8125,0.53125,0.2443452380952381,5473.625,16,0.71875,0.5489583333333333,0.1693452380952381,5735.125
window40,5,20,60,0.0,16,0.8125,0.53125,0.21250000000000002,5903.75,16,0.71875,0.5489583333333333,0.15000000000000002,6156.625
window40,3,40,10,0.5,16,0.75,0.5833333333333334,0.25,3720.5625,16,0.75,0.6041666666666666,0.25,3802.6875
window40,5,40,10,0.5,16,0.875,0.6114583333333333,0.17500000000000002,6102,16,0.75,0.6041666666666666,0.15000000000000002,6423.4375
window40,3,40,60,0.25,16,0.75,0.6458333333333334,0.25,3854.875,16,0.71875,0.7083333333333334,0.25,3827.3125
window40,10,10,10,1.0,16,0.8125,0.5645833333333333,0.22514880952380953,5226.125,16,0.8125,0.5416666666666666,0.1587549603174603,6863.5
window40,10,20,60,0.5,16,0.9375,0.6192708333333333,0.11396329365079365,10882.375,16,0.8125,0.6432291666666666,0.08975694444444444,12000.0625
window40,5,10,60,0.75,16,0.8125,0.6041666666666666,0.17708333333333334,5689.9375,16,0.78125,0.5833333333333334,0.16562500000000002,6144.875
window40,3,10,60,0.25,16,0.75,0.6041666666666666,0.25,3902.25,16,0.625,0.59375,0.20833333333333331,3893.125
window40,10,10,10,0.25,16,0.8125,0.6197916666666666,0.14781746031746032,7865.625,16,0.8125,0.634375,0.11974206349206348,9312.125
window40,1,20,10,1.0,16,0.375,0.375,0.375,1210,16,0.375,0.375,0.375,1169.125
window40,1,20,10,0.25,16,0.4375,0.4375,0.4375,1187.9375,16,0.5625,0.5625,0.5625,1311.4375
window40,1,10,10,0.5,16,0.375,0.375,0.375,1167.75,16,0.5,0.5,0.5,1279.8125
window40,5,10,60,0.25,16,0.8125,0.6197916666666666,0.17708333333333334,6055.625,16,0.78125,0.634375,0.16562500000000002,6244.5625
window40,5,20,10,0.0,16,0.8125,0.53125,0.21250000000000002,5903.75,16,0.71875,0.5489583333333333,0.15000000000000002,6156.625
window40,1,20,10,0.5,16,0.4375,0.4375,0.4375,1199.8125,16,0.5,0.5,0.5,1243.9375
window40,1,20,60,1.0,16,0.375,0.375,0.375,1210,16,0.375,0.375,0.375,1169.125
window40,3,40,10,0.25,16,0.75,0.5833333333333334,0.25,3846.5625,16,0.625,0.59375,0.20833333333333331,3882.75
window40,3,10,60,0.5,16,0.8125,0.5729166666666666,0.2708333333333333,3745.9375,16,0.6875,0.5833333333333334,0.22916666666666666,3677.375
window40,5,10,60,1.0,16,0.8125,0.5645833333333333,0.234375,4817.625,16,0.78125,0.5416666666666666,0.171875,5850
window40,3,10,60,0.0,16,0.6875,0.5,0.2708333333333333,3644.125,16,0.625,0.5208333333333334,0.21875,3718.25
window80,3,10,10,0.5,16,0.75,0.6145833333333334,0.26041666666666663,6490.125,16,0.5625,0.5625,0.1875,7240.25
window80,5,10,10,0.25,16,0.6875,0.5833333333333334,0.15625,10585.75,16,0.8125,0.615625,0.1625,11831.25
window80,1,40,60,0.0,16,0.375,0.375,0.375,2382.5,16,0.4375,0.4375,0.4375,2562.9375
window80,1,40,10,0.25,16,0.5,0.5,0.5,2538.625,16,0.5,0.5,0.5,2675.375
window80,1,20,60,0.75,16,0.5,0.5,0.5,2434.625,16,0.5,0.5,0.5,2654.3125
window80,5,20,60,0.25,16,0.875,0.6458333333333334,0.17500000000000002,11577.125,16,0.78125,0.6375,0.1625,11815.0625
window80,3,20,10,0.75,16,0.6875,0.625,0.22916666666666666,6559.8125,16,0.625,0.5520833333333334,0.20833333333333331,7032.3125
window80,1,40,10,1.0,16,0.4375,0.4375,0.4375,2303.625,16,0.4375,0.4375,0.4375,2589.875
window80,1,20,60,0.25,16,0.5,0.5,0.5,2508.875,16,0.5625,0.5625,0.5625,2553.75
window80,10,20,10,0.5,16,1.0,0.6636904761904762,0.10555555555555556,21377.4375,16,0.9375,0.6401785714285714,0.10069444444444445,22692.5
window80,3,10,10,0.0,16,0.625,0.4791666666666667,0.25,6775.25,16,0.625,0.5104166666666666,0.20833333333333331,7248.9375
window80,10,40,10,1.0,16,0.9375,0.6166666666666667,0.09375,21192.4375,16,0.84375,0.5496527777777778,0.08750000000000001,20459.3125
window80,3,20,60,1.0,16,0.75,0.5729166666666666,0.25,6571,16,0.5625,0.4895833333333333,0.1875,6928.875
window80,1,20,60,0.0,16,0.375,0.375,0.375,2382.5,16,0.4375,0.4375,0.4375,2562.9375
window80,10,20,10,0.0,16,0.9375,0.5349702380952381,0.12105654761904762,19052.625,16,0.84375,0.5645833333333333,0.09062500000000001,22040.6875
window80,1,20,10,0.75,16,0.5625,0.5625,0.5625,2413,16,0.5,0.5,0.5,2594.625
window80,5,10,10,0.5,16,0.8125,0.6270833333333333,0.18125000000000002,10589.75,16,0.625,0.578125,0.125,11845.875
window80,3,40,60,1.0,16,0.75,0.5729166666666666,0.25,6571,16,0.5625,0.4895833333333333,0.1875,6928.875
window80,3,10,60,0.75,16,0.75,0.625,0.26041666666666663,6429.25,16,0.625,0.5520833333333334,0.20833333333333331,6974.4375
window80,1,10,60,1.0,16,0.4375,0.4375,0.4375,2303.625,16,0.4375,0.4375,0.4375,2589.875
window80,1,40,60,0.75,16,0.5,0.5,0.5,2392.125,16,0.5,0.5,0.5,2654.3125
window80,5,20,60,1.0,16,0.9375,0.6166666666666667,0.19062500000000002,10294.0625,16,0.71875,0.5364583333333334,0.15000000000000002,10838.5
window80,5,10,60,0.0,16,0.6875,0.4947916666666667,0.20520833333333333,10103.75,16,0.8125,0.5541666666666667,0.1625,11644.625
window80,1,40,60,0.25,16,0.5,0.5,0.5,2538.625,16,0.5625,0.5625,0.5625,2553.75
window80,10,20,60,1.0,16,0.9375,0.6166666666666667,0.11421130952380952,18768.375,16,0.84375,0.5496527777777778,0.09774305555555556,19133
window80,10,20,60,0.25,16,0.9375,0.65625,0.09930555555555556,21760.5625,16,0.84375,0.6479166666666667,0.08819444444444445,22861.875
window80,1,10,60,0.5,16,0.5,0.5,0.5,2428.75,16,0.5625,0.5625,0.5625,2522.9375
window80,3,20,60,0.0,16,0.625,0.4791666666666667,0.20833333333333331,7149.75,16,0.625,0.5104166666666666,0.20833333333333331,7248.9375
window80,10,10,10,0.75,16,0.9375,0.684375,0.1394593253968254,17083.4375,16,0.90625,0.6036458333333333,0.10806051587301588,19741.125
window80,5,40,10,0.25,16,0.8125,0.6083333333333333,0.1625,11273.6875,16,0.78125,0.590625,0.1625,11883.625
window80,1,10,60,0.0,16,0.375,0.375,0.375,2382.5,16,0.4375,0.4375,0.4375,2562.9375
window80,5,40,60,1.0,16,0.9375,0.6166666666666667,0.1875,10479.6875,16,0.71875,0.5364583333333334,0.15000000000000002,10838.5
window80,10,10,10,0.5,16,1.0,0.6541666666666667,0.1457093253968254,17170.875,16,0.90625,0.6219494047619047,0.10806051587301588,19988.6875
window80,1,40,10,0.75,16,0.5625,0.5625,0.5625,2384.1875,16,0.5,0.5,0.5,2541.375
window80,3,40,10,0.0,16,0.625,0.4791666666666667,0.20833333333333331,7149.75,16,0.625,0.5104166666666666,0.20833333333333331,7248.9375
window80,5,20,10,1.0,16,0.9375,0.6166666666666667,0.19062500000000002,10294.0625,16,0.71875,0.5364583333333334,0.15000000000000002,10838.5
window80,10,20,10,0.75,16,1.0,0.6947916666666667,0.10555555555555556,20728.625,16,0.875,0.5973958333333333,0.09444444444444444,21532.625
window80,5,20,60,0.5,16,0.875,0.6458333333333334,0.17500000000000002,11102.5625,16,0.71875,0.625,0.15000000000000002,11789.875
window80,1,20,10,0.0,16,0.375,0.375,0.375,2382.5,16,0.4375,0.4375,0.4375,2562.9375
window80,5,20,10,0.25,16,0.8125,0.6083333333333333,0.1625,11416.75,16,0.78125,0.5875,0.1625,11711.4375
window80,5,20,10,0.75,16,0.9375,0.684375,0.1875,10517,16,0.71875,0.5833333333333334,0.15000000000000002,11244.8125
window80,3,20,10,1.0,16,0.75,0.5729166666666666,0.25,6571,16,0.5625,0.4895833333333333,0.1875,6928.875
window80,5,20,10,0.5,16,0.875,0.6458333333333334,0.17500000000000002,11118.75,16,0.71875,0.6145833333333334,0.15000000000000002,11943.875
window80,5,40,10,1.0,16,0.9375,0.6166666666666667,0.1875,10479.6875,16,0.71875,0.5364583333333334,0.15000000000000002,10838.5
window80,5,40,60,0.5,16,0.875,0.6458333333333334,0.17500000000000002,10808.0625,16,0.84375,0.6614583333333334,0.17500000000000002,11202.625
window80,10,20,60,0.0,16,0.9375,0.5349702380952381,0.12105654761904762,19052.625,16,0.84375,0.5645833333333333,0.09062500000000001,22040.6875
window80,1,10,10,0.0,16,0.375,0.375,0.375,2382.5,16,0.4375,0.4375,0.4375,2562.9375
window80,10,40,10,0.75,16,1.0,0.6973958333333333,0.1,21409.75,16,0.9375,0.6053819444444445,0.1,21145.75
window80,5,10,10,1.0,16,0.9375,0.6166666666666667,0.22083333333333333,9403.625,16,0.71875,0.5364583333333334,0.15000000000000002,10838.5
window80,3,40,60,0.75,16,0.75,0.625,0.25,6612.3125,16,0.625,0.5520833333333334,0.20833333333333331,7376.4375
window80,3,10,10,1.0,16,0.75,0.5729166666666666,0.26041666666666663,6439.1875,16,0.5625,0.4895833333333333,0.1875,6928.875
window80,3,40,10,0.75,16,0.75,0.6458333333333334,0.25,6689.125,16,0.625,0.5520833333333334,0.20833333333333331,7012.25
window80,10,40,60,0.75,16,1.0,0.6725694444444444,0.1,21643.3125,16,0.90625,0.6151785714285715,0.09375,21250.0625
window80,10,10,60,1.0,16,0.9375,0.6166666666666667,0.18893849206349206,12320.6875,16,0.71875,0.5364583333333334,0.12514880952380952,14010.375
window80,5,40,60,0.75,16,0.9375,0.665625,0.1875,10839.75,16,0.78125,0.5958333333333333,0.1625,11334.8125
window80,10,40,10,0.0,16,0.9375,0.5349702380952381,0.09375,22585.875,16,0.84375,0.5645833333333333,0.08750000000000001,22890.3125
window80,3,20,10,0.5,16,0.75,0.6145833333333334,0.25,6790.125,16,0.59375,0.5833333333333334,0.20833333333333331,7312.6875
window80,3,40,60,0.5,16,0.75,0.6145833333333334,0.25,6752.25,16,0.65625,0.6145833333333334,0.22916666666666666,6963.25
window80,1,10,10,1.0,16,0.4375,0.4375,0.4375,2303.625,16,0.4375,0.4375,0.4375,2589.875
window80,5,40,60,0.0,16,0.6875,0.4947916666666667,0.1375,11560.5,16,0.8125,0.5541666666666667,0.1625,11752.3125
window80,3,20,10,0.0,16,0.625,0.4791666666666667,0.20833333333333331,7149.75,16,0.625,0.5104166666666666,0.20833333333333331,7248.9375
window80,10,20,10,0.25,16,0.9375,0.6291666666666667,0.09930555555555556,21787.9375,16,0.84375,0.5979166666666667,0.08819444444444445,22781.9375
window80,1,10,10,0.75,16,0.5625,0.5625,0.5625,2413,16,0.5,0.5,0.5,2550.1875
window80,5,10,60,0.5,16,0.8125,0.6270833333333333,0.18125000000000002,10589.75,16,0.625,0.578125,0.125,11845.875
window80,3,40,60,0.0,16,0.625,0.4791666666666667,0.20833333333333331,7149.75,16,0.625,0.5104166666666666,0.20833333333333331,7248.9375
window80,5,40,60,0.25,16,0.875,0.6354166666666666,0.17500000000000002,11419.0625,16,0.90625,0.6739583333333333,0.1875,11660.4375
window80,10,40,10,0.25,16,0.9375,0.6291666666666667,0.09375,22201.875,16,0.90625,0.6079861111111111,0.09375,22964.75
window80,1,10,60,0.75,16,0.5,0.5,0.5,2409.125,16,0.5,0.5,0.5,2550.1875
window80,5,40,10,0.75,16,0.9375,0.6895833333333333,0.1875,10512.5,16,0.71875,0.5802083333333333,0.15000000000000002,11007.8125
window80,3,10,10,0.25,16,0.6875,0.5833333333333334,0.23958333333333331,6747.1875,16,0.5625,0.5625,0.1875,7179.1875
window80,10,20,10,1.0,16,0.9375,0.6166666666666667,0.11421130952380952,18768.375,16,0.84375,0.5496527777777778,0.09774305555555556,19133
window80,3,20,10,0.25,16,0.6875,0.5833333333333334,0.22916666666666666,7322.1875,16,0.5625,0.53125,0.1875,7208.0625
window80,3,40,10,1.0,16,0.75,0.5729166666666666,0.25,6571,16,0.5625,0.4895833333333333,0.1875,6928.875
window80,1,20,60,0.5,16,0.5,0.5,0.5,2442.4375,16,0.5625,0.5625,0.5625,2627.0625
window80,5,10,10,0.0,16,0.6875,0.4947916666666667,0.20520833333333333,10103.75,16,0.8125,0.5541666666666667,0.1625,11644.625
window80,5,40,10,0.0,16,0.6875,0.4947916666666667,0.1375,11560.5,16,0.8125,0.5541666666666667,0.1625,11752.3125
window80,1,40,10,0.5,16,0.5,0.5,0.5,2439.4375,16,0.5625,0.5625,0.5625,2627.0625
window80,10,10,60,0.25,16,1.0,0.6536458333333334,0.1457093253968254,17666.5,16,0.9375,0.6338541666666667,0.11431051587301587,20021.1875
window80,10,10,60,0.5,16,1.0,0.6541666666666667,0.1457093253968254,17170.875,16,0.90625,0.6219494047619047,0.10806051587301588,19988.6875
window80,5,10,10,0.75,16,0.9375,0.684375,0.20625000000000002,10051.0625,16,0.71875,0.5833333333333334,0.15000000000000002,10782.1875
window80,10,40,10,0.5,16,1.0,0.6631944444444444,0.1,22048.25,16,0.90625,0.6464285714285715,0.09375,22730.125
window80,5,20,60,0.75,16,0.9375,0.66875,0.1875,10824.1875,16,0.78125,0.6010416666666667,0.1625,11276.8125
window80,3,10,60,1.0,16,0.75,0.5729166666666666,0.26041666666666663,6439.1875,16,0.5625,0.4895833333333333,0.1875,6928.875
window80,3,10,10,0.75,16,0.6875,0.625,0.23958333333333331,6443.0625,16,0.625,0.5520833333333334,0.20833333333333331,6972.875
window80,1,40,10,0.0,16,0.375,0.375,0.375,2382.5,16,0.4375,0.4375,0.4375,2562.9375
window80,1,40,60,0.5,16,0.5,0.5,0.5,2442.4375,16,0.5625,0.5625,0.5625,2627.0625
window80,1,10,60,0.25,16,0.5,0.5,0.5,2469.5625,16,0.5625,0.5625,0.5625,2534.5625
window80,10,10,60,0.0,16,0.9375,0.5349702380952381,0.22626488095238095,12604.875,16,0.84375,0.5645833333333333,0.14732142857142858,13876.6875
window80,10,20,60,0.75,16,1.0,0.6776785714285715,0.10555555555555556,20974.5,16,0.875,0.6072916666666667,0.09444444444444444,21633.25
window80,10,40,60,1.0,16,0.9375,0.6166666666666667,0.09375,21192.4375,16,0.84375,0.5496527777777778,0.08750000000000001,20459.3125
window80,10,10,60,0.75,16,0.9375,0.66875,0.1394593253968254,17119.6875,16,0.90625,0.6036458333333333,0.10806051587301588,19741.125
window80,10,40,60,0.5,16,0.9375,0.65625,0.09375,22085.0625,16,0.90625,0.671875,0.09375,22274.25
window80,3,20,60,0.5,16,0.75,0.6145833333333334,0.25,6744.875,16,0.59375,0.59375,0.20833333333333331,7089.625
window80,10,40,60,0.25,16,0.9375,0.6458333333333334,0.09375,21976.625,16,0.90625,0.6739583333333333,0.09375,22683.25
window80,3,20,60,0.25,16,0.75,0.6145833333333334,0.25,7214.6875,16,0.59375,0.59375,0.20833333333333331,7169
window80,10,40,60,0.0,16,0.9375,0.5349702380952381,0.09375,22585.875,16,0.84375,0.5645833333333333,0.08750000000000001,22890.3125
window80,1,10,10,0.25,16,0.5,0.5,0.5,2469.5625,16,0.5625,0.5625,0.5625,2602.9375
window80,1,40,60,1.0,16,0.4375,0.4375,0.4375,2303.625,16,0.4375,0.4375,0.4375,2589.875
window80,3,20,60,0.75,16,0.75,0.625,0.25,6601.0625,16,0.65625,0.5729166666666666,0.22916666666666666,7348.875
window80,10,10,10,0.0,16,0.9375,0.5349702380952381,0.22626488095238095,12604.875,16,0.84375,0.5645833333333333,0.14732142857142858,13876.6875
window80,5,20,60,0.0,16,0.6875,0.4947916666666667,0.140625,11375.75,16,0.8125,0.5541666666666667,0.1625,11752.3125
window80,3,40,10,0.5,16,0.75,0.6145833333333334,0.25,6827,16,0.59375,0.5833333333333334,0.20833333333333331,7175.75
window80,5,40,10,0.5,16,0.875,0.6458333333333334,0.17500000000000002,10936,16,0.78125,0.6270833333333333,0.1625,11395.5
window80,3,40,60,0.25,16,0.75,0.6041666666666666,0.25,7076.0625,16,0.65625,0.6145833333333334,0.22916666666666666,7090.125
window80,10,10,10,1.0,16,0.9375,0.6166666666666667,0.18893849206349206,12320.6875,16,0.71875,0.5364583333333334,0.12514880952380952,14010.375
window80,10,20,60,0.5,16,1.0,0.6636904761904762,0.10555555555555556,21362,16,0.9375,0.6505952380952381,0.10069444444444445,22594.875
window80,5,10,60,0.75,16,0.9375,0.66875,0.20625000000000002,10087.3125,16,0.71875,0.5833333333333334,0.15000000000000002,10877.375
window80,3,10,60,0.25,16,0.75,0.6145833333333334,0.26041666666666663,6768.6875,16,0.5625,0.5625,0.1875,7218.75
window80,10,10,10,0.25,16,1.0,0.6328125,0.1457093253968254,17602.625,16,0.9375,0.6338541666666667,0.11431051587301587,19981.625
window80,1,20,10,1.0,16,0.4375,0.4375,0.4375,2303.625,16,0.4375,0.4375,0.4375,2589.875
window80,1,20,10,0.25,16,0.5,0.5,0.5,2538.625,16,0.5,0.5,0.5,2675.375
window80,1,10,10,0.5,16,0.5,0.5,0.5,2428.75,16,0.5625,0.5625,0.5625,2522.9375
window80,5,10,60,0.25,16,0.75,0.6145833333333334,0.16875,10724.875,16,0.8125,0.615625,0.1625,11870.8125
window80,5,20,10,0.0,16,0.6875,0.4947916666666667,0.140625,11375.75,16,0.8125,0.5541666666666667,0.1625,11752.3125
window80,1,20,10,0.5,16,0.5,0.5,0.5,2442.4375,16,0.5625,0.5625,0.5625,2627.0625
window80,1,20,60,1.0,16,0.4375,0.4375,0.4375,2303.625,16,0.4375,0.4375,0.4375,2589.875
window80,3,40,10,0.25,16,0.6875,0.5833333333333334,0.22916666666666666,7272.125,16,0.5625,0.53125,0.1875,7276.5625
window80,3,10,60,0.5,16,0.75,0.6145833333333334,0.26041666666666663,6490.125,16,0.5625,0.5625,0.1875,7240.25
window80,5,10,60,1.0,16,0.9375,0.6166666666666667,0.22083333333333333,9403.625,16,0.71875,0.5364583333333334,0.15000000000000002,10838.5
window80,3,10,60,0.0,16,0.625,0.4791666666666667,0.25,6775.25,16,0.625,0.5104166666666666,0.20833333333333331,7248.9375
window160,3,10,10,0.5,16,0.8125,0.5833333333333334,0.2708333333333333,12145.875,16,0.6875,0.5520833333333334,0.22916666666666666,11476.3125
window160,5,10,10,0.25,16,0.875,0.5541666666666667,0.178125,20404.75,16,0.75,0.5885416666666666,0.15000000000000002,20856.75
window160,1,40,60,0.0,16,0.3125,0.3125,0.3125,4005.75,16,0.4375,0.4375,0.4375,4496.875
window160,1,40,10,0.25,16,0.375,0.375,0.375,4430.5,16,0.5,0.5,0.5,4281.4375
window160,1,20,60,0.75,16,0.5,0.5,0.5,4051.8125,16,0.375,0.375,0.375,4313
window160,5,20,60,0.25,16,0.875,0.5645833333333333,0.17500000000000002,20715.25,16,0.84375,0.6197916666666666,0.17500000000000002,19910.875
window160,3,20,10,0.75,16,0.75,0.6145833333333334,0.25,12526.375,16,0.71875,0.4791666666666667,0.25,11559.5625
window160,1,40,10,1.0,16,0.5625,0.5625,0.5625,4317.75,16,0.1875,0.1875,0.1875,4305
window160,1,20,60,0.25,16,0.375,0.375,0.375,4391.25,16,0.4375,0.4375,0.4375,3796.1875
window160,10,20,10,0.5,16,0.9375,0.5995535714285715,0.09375,39563.375,16,0.9375,0.5854166666666667,0.1,38700.1875
window160,3,10,10,0.0,16,0.625,0.4479166666666667,0.20833333333333331,12750.0625,16,0.6875,0.5416666666666666,0.22916666666666666,12601.9375
window160,10,40,10,1.0,16,0.875,0.6625,0.08750000000000001,37942.875,16,0.78125,0.396875,0.08125,36204.875
window160,3,20,60,1.0,16,0.75,0.6458333333333334,0.25,12491.0625,16,0.53125,0.34375,0.1875,11147.0625
window160,1,20,60,0.0,16,0.3125,0.3125,0.3125,4005.75,16,0.4375,0.4375,0.4375,4496.875
window160,10,20,10,0.0,16,0.9375,0.5078869047619048,0.09444444444444444,40685.0625,16,0.84375,0.5755208333333334,0.08750000000000001,39981.75
window160,1,20,10,0.75,16,0.5,0.5,0.5,4051.8125,16,0.3125,0.3125,0.3125,4119.25
window160,5,10,10,0.5,16,0.875,0.5958333333333333,0.178125,19697.75,16,0.78125,0.5833333333333334,0.1625,19445.125
window160,3,40,60,1.0,16,0.75,0.6458333333333334,0.25,12491.0625,16,0.53125,0.34375,0.1875,11147.0625
window160,3,10,60,0.75,16,0.8125,0.6354166666666666,0.2708333333333333,12448.75,16,0.71875,0.53125,0.25,11291.9375
window160,1,10,60,1.0,16,0.5625,0.5625,0.5625,4317.75,16,0.1875,0.1875,0.1875,4305
window160,1,40,60,0.75,16,0.5,0.5,0.5,4051.8125,16,0.375,0.375,0.375,4077.9375
window160,5,20,60,1.0,16,0.75,0.6458333333333334,0.15000000000000002,20591.875,16,0.71875,0.390625,0.15000000000000002,18260.875
window160,5,10,60,0.0,16,0.8125,0.48854166666666665,0.17395833333333333,19657.5625,16,0.75,0.5572916666666666,0.15000000000000002,20546.5625
window160,1,40,60,0.25,16,0.375,0.375,0.375,4391.25,16,0.4375,0.4375,0.4375,3866.8125
window160,10,20,60,1.0,16,0.875,0.6625,0.08750000000000001,37942.875,16,0.78125,0.396875,0.08125,36204.875
window160,10,20,60,0.25,16,0.9375,0.5723958333333333,0.09375,40375.8125,16,0.84375,0.6197916666666666,0.08750000000000001,39593.5625
window160,1,10,60,0.5,16,0.4375,0.4375,0.4375,4065.75,16,0.4375,0.4375,0.4375,3907.625
window160,3,20,60,0.0,16,0.625,0.4479166666666667,0.20833333333333331,12750.0625,16,0.6875,0.5416666666666666,0.22916666666666666,12601.9375
window160,10,10,10,0.75,16,0.875,0.6416666666666667,0.10337301587301588,34811.8125,16,0.84375,0.5043402777777778,0.09045138888888889,35864.4375
window160,5,40,10,0.25,16,0.75,0.5260416666666666,0.15000000000000002,20972.1875,16,0.8125,0.59375,0.1625,19919.25
window160,1,10,60,0.0,16,0.3125,0.3125,0.3125,4005.75,16,0.4375,0.4375,0.4375,4496.875
window160,5,40,60,1.0,16,0.75,0.6458333333333334,0.15000000000000002,20591.875,16,0.71875,0.390625,0.15000000000000002,18260.875
window160,10,10,10,0.5,16,0.9375,0.6036458333333333,0.10962301587301587,35158.25,16,0.90625,0.6026785714285714,0.09670138888888889,37679.0625
window160,1,40,10,0.75,16,0.5,0.5,0.5,4051.8125,16,0.3125,0.3125,0.3125,4008.25
window160,3,40,10,0.0,16,0.625,0.4479166666666667,0.20833333333333331,12750.0625,16,0.6875,0.5416666666666666,0.22916666666666666,12601.9375
window160,5,20,10,1.0,16,0.75,0.6458333333333334,0.15000000000000002,20591.875,16,0.71875,0.390625,0.15000000000000002,18260.875
window160,10,20,10,0.75,16,0.875,0.6395833333333333,0.08750000000000001,37553.875,16,0.875,0.4959077380952381,0.09375,36683.375
window160,5,20,60,0.5,16,0.875,0.5875,0.17500000000000002,20122.6875,16,0.78125,0.5729166666666666,0.1625,19806.5625
window160,1,20,10,0.0,16,0.3125,0.3125,0.3125,4005.75,16,0.4375,0.4375,0.4375,4496.875
window160,5,20,10,0.25,16,0.8125,0.5385416666666667,0.1625,21036.625,16,0.8125,0.59375,0.1625,20395.8125
window160,5,20,10,0.75,16,0.875,0.6395833333333333,0.17500000000000002,20419.5,16,0.71875,0.4791666666666667,0.15000000000000002,19117.375
window160,3,20,10,1.0,16,0.75,0.6458333333333334,0.25,12491.0625,16,0.53125,0.34375,0.1875,11147.0625
window160,5,20,10,0.5,16,0.875,0.590625,0.17500000000000002,20556,16,0.78125,0.5645833333333333,0.1625,19420.1875
window160,5,40,10,1.0,16,0.75,0.6458333333333334,0.15000000000000002,20591.875,16,0.71875,0.390625,0.15000000000000002,18260.875
window160,5,40,60,0.5,16,0.8125,0.575,0.1625,20374.5625,16,0.84375,0.5822916666666667,0.17500000000000002,19820.25
window160,10,20,60,0.0,16,0.9375,0.5078869047619048,0.09444444444444444,40685.0625,16,0.84375,0.5755208333333334,0.08750000000000001,39981.75
window160,1,10,10,0.0,16,0.3125,0.3125,0.3125,4005.75,16,0.4375,0.4375,0.4375,4496.875
window160,10,40,10,0.75,16,0.875,0.6395833333333333,0.08750000000000001,38204.8125,16,0.875,0.4895833333333333,0.09375,37285.8125
window160,5,10,10,1.0,16,0.75,0.6458333333333334,0.153125,20377.3125,16,0.71875,0.390625,0.153125,17936
window160,3,40,60,0.75,16,0.6875,0.59375,0.22916666666666666,12469.5625,16,0.6875,0.4895833333333333,0.22916666666666666,11911.9375
window160,3,10,10,1.0,16,0.75,0.6458333333333334,0.25,12491.0625,16,0.53125,0.34375,0.1875,11147.0625
window160,3,40,10,0.75,16,0.75,0.6145833333333334,0.25,12474.5625,16,0.6875,0.4583333333333333,0.22916666666666666,11221.125
window160,10,40,60,0.75,16,0.875,0.6308035714285715,0.08750000000000001,38559.5625,16,0.84375,0.5182291666666666,0.08750000000000001,37101.8125
window160,10,10,60,1.0,16,0.8125,0.65625,0.1201140873015873,29221.3125,16,0.71875,0.390625,0.11341765873015873,26350.9375
window160,5,40,60,0.75,16,0.8125,0.621875,0.1625,20155.6875,16,0.6875,0.4895833333333333,0.1375,18911.9375
window160,10,40,10,0.0,16,0.9375,0.5078869047619048,0.09375,40771,16,0.84375,0.5755208333333334,0.08750000000000001,39981.75
window160,3,20,10,0.5,16,0.75,0.5625,0.25,12517.75,16,0.625,0.5208333333333334,0.20833333333333331,12135.6875
window160,3,40,60,0.5,16,0.75,0.5625,0.25,12517.75,16,0.6875,0.5416666666666666,0.22916666666666666,12220.125
window160,1,10,10,1.0,16,0.5625,0.5625,0.5625,4317.75,16,0.1875,0.1875,0.1875,4305
window160,5,40,60,0.0,16,0.8125,0.48854166666666665,0.1625,20603.3125,16,0.75,0.5572916666666666,0.15000000000000002,20546.5625
window160,3,20,10,0.0,16,0.625,0.4479166666666667,0.20833333333333331,12750.0625,16,0.6875,0.5416666666666666,0.22916666666666666,12601.9375
window160,10,20,10,0.25,16,0.9375,0.5567708333333333,0.09375,40333.3125,16,0.84375,0.6041666666666666,0.08750000000000001,39885.25
window160,1,10,10,0.75,16,0.5,0.5,0.5,4051.8125,16,0.3125,0.3125,0.3125,4008.25
window160,5,10,60,0.5,16,0.875,0.5958333333333333,0.178125,19697.75,16,0.78125,0.5833333333333334,0.1625,19445.125
window160,3,40,60,0.0,16,0.625,0.4479166666666667,0.20833333333333331,12750.0625,16,0.6875,0.5416666666666666,0.22916666666666666,12601.9375
window160,5,40,60,0.25,16,0.8125,0.5520833333333334,0.1625,20772.8125,16,0.78125,0.5677083333333334,0.1625,20387.1875
window160,10,40,10,0.25,16,0.9375,0.5546875,0.09375,40001,16,0.84375,0.6026785714285714,0.08750000000000001,40157.9375
window160,1,10,60,0.75,16,0.5,0.5,0.5,4051.8125,16,0.375,0.375,0.375,3915.25
window160,5,40,10,0.75,16,0.875,0.6395833333333333,0.17500000000000002,20352,16,0.71875,0.4739583333333333,0.15000000000000002,18835.125
window160,3,10,10,0.25,16,0.6875,0.5104166666666666,0.22916666666666666,12375.9375,16,0.6875,0.5729166666666666,0.22916666666666666,12411.375
window160,10,20,10,1.0,16,0.875,0.6625,0.08750000000000001,37942.875,16,0.78125,0.396875,0.08125,36204.875
window160,3,20,10,0.25,16,0.6875,0.5104166666666666,0.22916666666666666,12233.6875,16,0.6875,0.5625,0.22916666666666666,12262.4375
window160,3,40,10,1.0,16,0.75,0.6458333333333334,0.25,12491.0625,16,0.53125,0.34375,0.1875,11147.0625
window160,1,20,60,0.5,16,0.4375,0.4375,0.4375,4065.75,16,0.4375,0.4375,0.4375,4090.375
window160,5,10,10,0.0,16,0.8125,0.48854166666666665,0.17395833333333333,19657.5625,16,0.75,0.5572916666666666,0.15000000000000002,20546.5625
window160,5,40,10,0.0,16,0.8125,0.48854166666666665,0.1625,20603.3125,16,0.75,0.5572916666666666,0.15000000000000002,20546.5625
window160,1,40,10,0.5,16,0.4375,0.4375,0.4375,4065.75,16,0.4375,0.4375,0.4375,4183.75
window160,10,10,60,0.25,16,1.0,0.5865327380952381,0.11587301587301588,36126.0625,16,0.90625,0.6076388888888888,0.09670138888888889,38425.75
window160,10,10,60,0.5,16,0.9375,0.6036458333333333,0.10962301587301587,35158.25,16,0.90625,0.6026785714285714,0.09670138888888889,37679.0625
window160,5,10,10,0.75,16,0.8125,0.6354166666666666,0.16562500000000002,20086.6875,16,0.71875,0.4895833333333333,0.15000000000000002,18185.75
window160,10,40,10,0.5,16,0.9375,0.5923611111111111,0.09375,39116.375,16,0.90625,0.571875,0.09375,38316
window160,5,20,60,0.75,16,0.875,0.634375,0.17500000000000002,20243.25,16,0.71875,0.5020833333333333,0.15000000000000002,19802.3125
window160,3,10,60,1.0,16,0.75,0.6458333333333334,0.25,12491.0625,16,0.53125,0.34375,0.1875,11147.0625
window160,3,10,10,0.75,16,0.8125,0.6354166666666666,0.2708333333333333,12448.75,16,0.71875,0.4895833333333333,0.25,11390.6875
window160,1,40,10,0.0,16,0.3125,0.3125,0.3125,4005.75,16,0.4375,0.4375,0.4375,4496.875
window160,1,40,60,0.5,16,0.4375,0.4375,0.4375,4065.75,16,0.4375,0.4375,0.4375,4090.375
window160,1,10,60,0.25,16,0.375,0.375,0.375,4391.25,16,0.4375,0.4375,0.4375,3889.5625
window160,10,10,60,0.0,16,0.9375,0.5078869047619048,0.15535714285714286,27571.0625,16,0.8125,0.5677083333333334,0.1117063492063492,30375.5625
window160,10,20,60,0.75,16,0.9375,0.6447916666666667,0.09375,37543.5,16,0.875,0.5229166666666667,0.09375,36690.3125
window160,10,40,60,1.0,16,0.875,0.6625,0.08750000000000001,37942.875,16,0.78125,0.396875,0.08125,36204.875
window160,10,10,60,0.75,16,0.875,0.6416666666666667,0.10337301587301588,34811.8125,16,0.84375,0.5460069444444444,0.09045138888888889,35864.4375
window160,10,40,60,0.5,16,0.875,0.5854166666666667,0.08750000000000001,38853.3125,16,0.84375,0.5822916666666667,0.08750000000000001,38196.875
window160,3,20,60,0.5,16,0.75,0.5625,0.25,12517.75,16,0.6875,0.5416666666666666,0.22916666666666666,11952.0625
window160,10,40,60,0.25,16,0.875,0.5625,0.08750000000000001,39433.8125,16,0.90625,0.5817708333333333,0.09375,38484.1875
window160,3,20,60,0.25,16,0.6875,0.5208333333333334,0.22916666666666666,12305.4375,16,0.78125,0.6041666666666666,0.2708333333333333,11801.375
window160,10,40,60,0.0,16,0.9375,0.5078869047619048,0.09375,40771,16,0.84375,0.5755208333333334,0.08750000000000001,39981.75
window160,1,10,10,0.25,16,0.375,0.375,0.375,4430.5,16,0.5,0.5,0.5,3799.125
window160,1,40,60,1.0,16,0.5625,0.5625,0.5625,4317.75,16,0.1875,0.1875,0.1875,4305
window160,3,20,60,0.75,16,0.6875,0.59375,0.22916666666666666,12362.5,16,0.65625,0.4895833333333333,0.22916666666666666,11729.5
window160,10,10,10,0.0,16,0.9375,0.5078869047619048,0.15535714285714286,27571.0625,16,0.8125,0.5677083333333334,0.1117063492063492,30375.5625
window160,5,20,60,0.0,16,0.8125,0.48854166666666665,0.1625,20603.3125,16,0.75,0.5572916666666666,0.15000000000000002,20546.5625
window160,3,40,10,0.5,16,0.75,0.5625,0.25,12546.0625,16,0.5625,0.5,0.1875,12394.4375
window160,5,40,10,0.5,16,0.8125,0.575,0.1625,20409.125,16,0.8125,0.55625,0.1625,19739.6875
window160,3,40,60,0.25,16,0.6875,0.5208333333333334,0.22916666666666666,12211.5,16,0.625,0.5208333333333334,0.20833333333333331,11879.8125
window160,10,10,10,1.0,16,0.8125,0.65625,0.1201140873015873,29221.3125,16,0.71875,0.390625,0.11341765873015873,26350.9375
window160,10,20,60,0.5,16,0.9375,0.5979166666666667,0.09375,39563.375,16,0.9375,0.59375,0.1,38817.75
window160,5,10,60,0.75,16,0.8125,0.6354166666666666,0.16562500000000002,20086.6875,16,0.71875,0.53125,0.15000000000000002,18185.75
window160,3,10,60,0.25,16,0.75,0.5416666666666666,0.25,12227.25,16,0.75,0.5833333333333334,0.25,12135.25
window160,10,10,10,0.25,16,1.0,0.5709077380952381,0.11587301587301588,36165.3125,16,0.90625,0.6128472222222222,0.09670138888888889,38538.3125
window160,1,20,10,1.0,16,0.5625,0.5625,0.5625,4317.75,16,0.1875,0.1875,0.1875,4305
window160,1,20,10,0.25,16,0.375,0.375,0.375,4430.5,16,0.5,0.5,0.5,4001.8125
window160,1,10,10,0.5,16,0.4375,0.4375,0.4375,4065.75,16,0.4375,0.4375,0.4375,3907.625
window160,5,10,60,0.25,16,0.875,0.5697916666666667,0.178125,20365.5,16,0.75,0.5833333333333334,0.15000000000000002,20744.1875
window160,5,20,10,0.0,16,0.8125,0.48854166666666665,0.1625,20603.3125,16,0.75,0.5572916666666666,0.15000000000000002,20546.5625
window160,1,20,10,0.5,16,0.4375,0.4375,0.4375,4065.75,16,0.4375,0.4375,0.4375,4090.375
window160,1,20,60,1.0,16,0.5625,0.5625,0.5625,4317.75,16,0.1875,0.1875,0.1875,4305
window160,3,40,10,0.25,16,0.6875,0.5104166666666666,0.22916666666666666,12345.4375,16,0.6875,0.5625,0.22916666666666666,12257.75
window160,3,10,60,0.5,16,0.8125,0.5833333333333334,0.2708333333333333,12145.875,16,0.6875,0.5520833333333334,0.22916666666666666,11476.3125
window160,5,10,60,1.0,16,0.75,0.6458333333333334,0.153125,20377.3125,16,0.71875,0.390625,0.153125,17936
window160,3,10,60,0.0,16,0.625,0.4479166666666667,0.20833333333333331,12750.0625,16,0.6875,0.5416666666666666,0.22916666666666666,12601.9375
window80_no_overlap,3,10,10,0.5,16,0.875,0.6770833333333334,0.29166666666666663,7339.9375,16,0.6875,0.5729166666666666,0.22916666666666666,7394
window80_no_overlap,5,10,10,0.25,16,0.875,0.60625,0.18333333333333335,11655.8125,16,0.78125,0.5302083333333333,0.1625,11894.6875
window80_no_overlap,1,40,60,0.0,16,0.375,0.375,0.375,2443.0625,16,0.375,0.375,0.375,2403.6875
window80_no_overlap,1,40,10,0.25,16,0.4375,0.4375,0.4375,2475.125,16,0.4375,0.4375,0.4375,2625.3125
window80_no_overlap,1,20,60,0.75,16,0.4375,0.4375,0.4375,2569.4375,16,0.625,0.625,0.625,2403.4375
window80_no_overlap,5,20,60,0.25,16,0.9375,0.6739583333333333,0.1875,11690.375,16,0.90625,0.6010416666666667,0.1875,11521.375
window80_no_overlap,3,20,10,0.75,16,0.875,0.6458333333333334,0.29166666666666663,6755.75,16,0.6875,0.625,0.22916666666666666,7129.375
window80_no_overlap,1,40,10,1.0,16,0.5625,0.5625,0.5625,2188,16,0.25,0.25,0.25,2166.3125
window80_no_overlap,1,20,60,0.25,16,0.5,0.5,0.5,2658.625,16,0.4375,0.4375,0.4375,2629.9375
window80_no_overlap,10,20,10,0.5,16,1.0,0.6864583333333333,0.1015625,22432,16,0.9375,0.671875,0.1,22792.8125
window80_no_overlap,3,10,10,0.0,16,0.6875,0.5104166666666666,0.2708333333333333,6822.875,16,0.625,0.5,0.20833333333333331,6800.4375
window80_no_overlap,10,40,10,1.0,16,1.0,0.7261904761904762,0.1,21374.25,16,0.90625,0.5177083333333333,0.09375,21016.875
window80_no_overlap,3,20,60,1.0,16,0.875,0.7083333333333334,0.29166666666666663,6690.0625,16,0.78125,0.4895833333333333,0.2708333333333333,6902.9375
window80_no_overlap,1,20,60,0.0,16,0.375,0.375,0.375,2443.0625,16,0.375,0.375,0.375,2403.6875
window80_no_overlap,10,20,10,0.0,16,0.9375,0.5614583333333333,0.10205853174603174,21668.6875,16,0.84375,0.5475694444444444,0.08750000000000001,22670.625
window80_no_overlap,1,20,10,0.75,16,0.4375,0.4375,0.4375,2569.4375,16,0.5625,0.5625,0.5625,2224.4375
window80_no_overlap,5,10,10,0.5,16,0.9375,0.6895833333333333,0.19583333333333333,11455.5625,16,0.78125,0.5979166666666667,0.1625,11723.5625
window80_no_overlap,3,40,60,1.0,16,0.875,0.7083333333333334,0.29166666666666663,6690.0625,16,0.78125,0.4895833333333333,0.2708333333333333,6902.9375
window80_no_overlap,3,10,60,0.75,16,0.875,0.65625,0.29166666666666663,7195.4375,16,0.6875,0.5729166666666666,0.22916666666666666,7235.5625
window80_no_overlap,1,10,60,1.0,16,0.5625,0.5625,0.5625,2188,16,0.25,0.25,0.25,2166.3125
window80_no_overlap,1,40,60,0.75,16,0.4375,0.4375,0.4375,2569.4375,16,0.625,0.625,0.625,2403.4375
window80_no_overlap,5,20,60,1.0,16,0.875,0.7083333333333334,0.17500000000000002,10673.5,16,0.90625,0.5177083333333333,0.1875,11213.125
window80_no_overlap,5,10,60,0.0,16,0.875,0.5510416666666667,0.225,11084.875,16,0.78125,0.540625,0.16562500000000002,11438.8125
window80_no_overlap,1,40,60,0.25,16,0.5,0.5,0.5,2658.625,16,0.4375,0.4375,0.4375,2629.9375
window80_no_overlap,10,20,60,1.0,16,1.0,0.7261904761904762,0.11031746031746031,19990.1875,16,0.90625,0.5177083333333333,0.10017361111111112,20211.8125
window80_no_overlap,10,20,60,0.25,16,0.9375,0.6739583333333333,0.09531250000000001,22636.6875,16,0.90625,0.6010416666666667,0.09375,22727.9375
window80_no_overlap,1,10,60,0.5,16,0.5,0.5,0.5,2539.125,16,0.5,0.5,0.5,2599.8125
window80_no_overlap,3,20,60,0.0,16,0.6875,0.5104166666666666,0.22916666666666666,7115,16,0.625,0.5,0.20833333333333331,6800.4375
window80_no_overlap,10,10,10,0.75,16,1.0,0.6703869047619048,0.12824900793650792,18850.8125,16,0.90625,0.6395833333333333,0.10396825396825397,20466.1875
window80_no_overlap,5,40,10,0.25,16,0.875,0.6166666666666667,0.17500000000000002,11715.8125,16,0.78125,0.559375,0.1625,11945.125
window80_no_overlap,1,10,60,0.0,16,0.375,0.375,0.375,2443.0625,16,0.375,0.375,0.375,2403.6875
window80_no_overlap,5,40,60,1.0,16,0.875,0.7083333333333334,0.17500000000000002,10673.5,16,0.90625,0.5177083333333333,0.1875,11213.125
window80_no_overlap,10,10,10,0.5,16,1.0,0.6985119047619047,0.12824900793650792,19198.8125,16,0.90625,0.614657738095238,0.10396825396825397,20854.875
window80_no_overlap,1,40,10,0.75,16,0.375,0.375,0.375,2609.625,16,0.5625,0.5625,0.5625,2224.4375
window80_no_overlap,3,40,10,0.0,16,0.6875,0.5104166666666666,0.22916666666666666,7115,16,0.625,0.5,0.20833333333333331,6800.4375
window80_no_overlap,5,20,10,1.0,16,0.875,0.7083333333333334,0.17500000000000002,10673.5,16,0.90625,0.5177083333333333,0.1875,11213.125
window80_no_overlap,10,20,10,0.75,16,1.0,0.6739583333333333,0.1015625,21660.6875,16,0.9375,0.684375,0.1,21620.125
window80_no_overlap,5,20,60,0.5,16,0.9375,0.6635416666666667,0.1875,11410.375,16,0.90625,0.6635416666666667,0.1875,11691.875
window80_no_overlap,1,20,10,0.0,16,0.375,0.375,0.375,2443.0625,16,0.375,0.375,0.375,2403.6875
window80_no_overlap,5,20,10,0.25,16,0.875,0.6166666666666667,0.17500000000000002,11774,16,0.78125,0.53125,0.1625,11880.625
window80_no_overlap,5,20,10,0.75,16,1.0,0.6739583333333333,0.2,11211.5,16,0.90625,0.684375,0.1875,11399.5
window80_no_overlap,3,20,10,1.0,16,0.875,0.7083333333333334,0.29166666666666663,6690.0625,16,0.78125,0.4895833333333333,0.2708333333333333,6902.9375
window80_no_overlap,5,20,10,0.5,16,1.0,0.6864583333333333,0.2,11328.25,16,0.84375,0.6614583333333334,0.17500000000000002,11646.75
window80_no_overlap,5,40,10,1.0,16,0.875,0.7083333333333334,0.17500000000000002,10673.5,16,0.90625,0.5177083333333333,0.1875,11213.125
window80_no_overlap,5,40,60,0.5,16,0.9375,0.6604166666666667,0.1875,11547.1875,16,0.84375,0.6510416666666666,0.17500000000000002,11477.5625
window80_no_overlap,10,20,60,0.0,16,0.9375,0.5614583333333333,0.10205853174603174,21668.6875,16,0.84375,0.5475694444444444,0.08750000000000001,22670.625
window80_no_overlap,1,10,10,0.0,16,0.375,0.375,0.375,2443.0625,16,0.375,0.375,0.375,2403.6875
window80_no_overlap,10,40,10,0.75,16,1.0,0.6375,0.1,22062,16,0.9375,0.684375,0.1,21633.4375
window80_no_overlap,5,10,10,1.0,16,0.875,0.7083333333333334,0.21145833333333333,9359.875,16,0.90625,0.5177083333333333,0.19687500000000002,10766
window80_no_overlap,3,40,60,0.75,16,0.8125,0.625,0.2708333333333333,6839.25,16,0.71875,0.6770833333333334,0.25,6937.3125
window80_no_overlap,3,10,10,1.0,16,0.875,0.7083333333333334,0.3020833333333333,6499,16,0.78125,0.4895833333333333,0.2708333333333333,6902.9375
window80_no_overlap,3,40,10,0.75,16,0.8125,0.59375,0.2708333333333333,6576.5,16,0.6875,0.625,0.22916666666666666,7187.8125
window80_no_overlap,10,40,60,0.75,16,1.0,0.6640625,0.1,22387.3125,16,0.9375,0.7208333333333333,0.1,21667.625
window80_no_overlap,10,10,60,1.0,16,0.9375,0.7172619047619048,0.18303571428571427,12767.0625,16,0.90625,0.5177083333333333,0.1564484126984127,14188.3125
window80_no_overlap,5,40,60,0.75,16,0.9375,0.65625,0.1875,11459.3125,16,0.90625,0.7208333333333333,0.1875,11110.875
window80_no_overlap,10,40,10,0.0,16,0.9375,0.5614583333333333,0.09375,23074.0625,16,0.84375,0.5475694444444444,0.08750000000000001,22806.125
window80_no_overlap,3,20,10,0.5,16,0.8125,0.6458333333333334,0.2708333333333333,7106.6875,16,0.78125,0.6458333333333334,0.2708333333333333,6811.1875
window80_no_overlap,3,40,60,0.5,16,0.8125,0.6354166666666666,0.2708333333333333,7052.0625,16,0.78125,0.6354166666666666,0.2708333333333333,6990.3125
window80_no_overlap,1,10,10,1.0,16,0.5625,0.5625,0.5625,2188,16,0.25,0.25,0.25,2166.3125
window80_no_overlap,5,40,60,0.0,16,0.875,0.5510416666666667,0.17500000000000002,11602.4375,16,0.78125,0.540625,0.1625,11719.8125
window80_no_overlap,3,20,10,0.0,16,0.6875,0.5104166666666666,0.22916666666666666,7115,16,0.625,0.5,0.20833333333333331,6800.4375
window80_no_overlap,10,20,10,0.25,16,0.9375,0.6270833333333333,0.09531250000000001,22467.375,16,0.90625,0.5479910714285714,0.09375,22691.625
window80_no_overlap,1,10,10,0.75,16,0.4375,0.4375,0.4375,2569.4375,16,0.5,0.5,0.5,2243.3125
window80_no_overlap,5,10,60,0.5,16,0.9375,0.6895833333333333,0.19583333333333333,11455.5625,16,0.78125,0.5979166666666667,0.1625,11723.5625
window80_no_overlap,3,40,60,0.0,16,0.6875,0.5104166666666666,0.22916666666666666,7115,16,0.625,0.5,0.20833333333333331,6800.4375
window80_no_overlap,5,40,60,0.25,16,0.9375,0.6708333333333333,0.1875,11657,16,0.84375,0.575,0.17500000000000002,11408.0625
window80_no_overlap,10,40,10,0.25,16,0.9375,0.6270833333333333,0.09375,23038.1875,16,0.90625,0.575,0.09375,22794.9375
window80_no_overlap,1,10,60,0.75,16,0.4375,0.4375,0.4375,2569.4375,16,0.5,0.5,0.5,2470.6875
window80_no_overlap,5,40,10,0.75,16,1.0,0.6375,0.2,11073.0625,16,0.90625,0.684375,0.1875,11579.125
window80_no_overlap,3,10,10,0.25,16,0.8125,0.59375,0.2708333333333333,7384.6875,16,0.625,0.4895833333333333,0.20833333333333331,7056.625
window80_no_overlap,10,20,10,1.0,16,1.0,0.7261904761904762,0.11031746031746031,19990.1875,16,0.90625,0.5177083333333333,0.10017361111111112,20211.8125
window80_no_overlap,3,20,10,0.25,16,0.8125,0.6041666666666666,0.2708333333333333,7065.1875,16,0.5625,0.46875,0.1875,7005.75
window80_no_overlap,3,40,10,1.0,16,0.875,0.7083333333333334,0.29166666666666663,6690.0625,16,0.78125,0.4895833333333333,0.2708333333333333,6902.9375
window80_no_overlap,1,20,60,0.5,16,0.5,0.5,0.5,2539.125,16,0.5,0.5,0.5,2599.8125
window80_no_overlap,5,10,10,0.0,16,0.875,0.5510416666666667,0.225,11084.875,16,0.78125,0.540625,0.16562500000000002,11438.8125
window80_no_overlap,5,40,10,0.0,16,0.875,0.5510416666666667,0.17500000000000002,11602.4375,16,0.78125,0.540625,0.1625,11719.8125
window80_no_overlap,1,40,10,0.5,16,0.5,0.5,0.5,2539.125,16,0.5,0.5,0.5,2599.8125
window80_no_overlap,10,10,60,0.25,16,1.0,0.6360119047619047,0.12824900793650792,19488.8125,16,0.9375,0.5766369047619048,0.11021825396825397,21233.6875
window80_no_overlap,10,10,60,0.5,16,1.0,0.6985119047619047,0.12824900793650792,19198.8125,16,0.90625,0.614657738095238,0.10396825396825397,20854.875
window80_no_overlap,5,10,10,0.75,16,0.9375,0.6614583333333334,0.19583333333333333,10831.5,16,0.90625,0.6395833333333333,0.1875,11263.25
window80_no_overlap,10,40,10,0.5,16,1.0,0.68125,0.1,23028.3125,16,0.9375,0.6485119047619048,0.1,22734.9375
window80_no_overlap,5,20,60,0.75,16,0.9375,0.653125,0.1875,11217.625,16,0.90625,0.7260416666666667,0.1875,11528.4375
window80_no_overlap,3,10,60,1.0,16,0.875,0.7083333333333334,0.3020833333333333,6499,16,0.78125,0.4895833333333333,0.2708333333333333,6902.9375
window80_no_overlap,3,10,10,0.75,16,0.875,0.6458333333333334,0.29166666666666663,7132.5,16,0.6875,0.5833333333333334,0.22916666666666666,7203.5625
window80_no_overlap,1,40,10,0.0,16,0.375,0.375,0.375,2443.0625,16,0.375,0.375,0.375,2403.6875
window80_no_overlap,1,40,60,0.5,16,0.5,0.5,0.5,2539.125,16,0.5,0.5,0.5,2599.8125
window80_no_overlap,1,10,60,0.25,16,0.4375,0.4375,0.4375,2475.125,16,0.4375,0.4375,0.4375,2629.9375
window80_no_overlap,10,10,60,0.0,16,0.9375,0.5614583333333333,0.19675099206349206,14643.25,16,0.78125,0.540625,0.12643849206349206,15356
window80_no_overlap,10,20,60,0.75,16,1.0,0.6635416666666667,0.1015625,22044.8125,16,0.9375,0.7260416666666667,0.1,21658.5
window80_no_overlap,10,40,60,1.0,16,1.0,0.7261904761904762,0.1,21374.25,16,0.90625,0.5177083333333333,0.09375,21016.875
window80_no_overlap,10,10,60,0.75,16,1.0,0.6776785714285715,0.12824900793650792,18931.5,16,0.90625,0.6291666666666667,0.10396825396825397,20478.4375
window80_no_overlap,10,40,60,0.5,16,0.9375,0.6604166666666667,0.09375,22907,16,0.90625,0.6614583333333334,0.09375,22771.4375
window80_no_overlap,3,20,60,0.5,16,0.8125,0.6354166666666666,0.2708333333333333,7187.375,16,0.78125,0.6354166666666666,0.2708333333333333,6801.5625
window80_no_overlap,10,40,60,0.25,16,0.9375,0.6708333333333333,0.09375,23046,16,0.90625,0.5839285714285715,0.09375,22152.5625
window80_no_overlap,3,20,60,0.25,16,0.8125,0.6458333333333334,0.2708333333333333,7189.6875,16,0.65625,0.5416666666666666,0.22916666666666666,7040.8125
window80_no_overlap,10,40,60,0.0,16,0.9375,0.5614583333333333,0.09375,23074.0625,16,0.84375,0.5475694444444444,0.08750000000000001,22806.125
window80_no_overlap,1,10,10,0.25,16,0.4375,0.4375,0.4375,2475.125,16,0.375,0.375,0.375,2617.3125
window80_no_overlap,1,40,60,1.0,16,0.5625,0.5625,0.5625,2188,16,0.25,0.25,0.25,2166.3125
window80_no_overlap,3,20,60,0.75,16,0.8125,0.625,0.2708333333333333,6877.0625,16,0.78125,0.6979166666666666,0.2708333333333333,6714.75
window80_no_overlap,10,10,10,0.0,16,0.9375,0.5614583333333333,0.19675099206349206,14643.25,16,0.78125,0.540625,0.12643849206349206,15356
window80_no_overlap,5,20,60,0.0,16,0.875,0.5510416666666667,0.17500000000000002,11602.4375,16,0.78125,0.540625,0.1625,11719.8125
window80_no_overlap,3,40,10,0.5,16,0.8125,0.6458333333333334,0.2708333333333333,6940.375,16,0.71875,0.6145833333333334,0.25,6979.1875
window80_no_overlap,5,40,10,0.5,16,0.9375,0.6708333333333333,0.1875,11179.0625,16,0.84375,0.6395833333333333,0.17500000000000002,11702.8125
window80_no_overlap,3,40,60,0.25,16,0.8125,0.6458333333333334,0.2708333333333333,7038,16,0.65625,0.53125,0.22916666666666666,6739.5625
window80_no_overlap,10,10,10,1.0,16,0.9375,0.7172619047619048,0.18303571428571427,12767.0625,16,0.90625,0.5177083333333333,0.1564484126984127,14188.3125
window80_no_overlap,10,20,60,0.5,16,1.0,0.6739583333333333,0.1015625,22589.4375,16,0.9375,0.6635416666666667,0.1,22760.75
window80_no_overlap,5,10,60,0.75,16,0.9375,0.66875,0.19583333333333333,10912.1875,16,0.90625,0.6291666666666667,0.1875,11275.5
window80_no_overlap,3,10,60,0.25,16,0.8125,0.6041666666666666,0.2708333333333333,7395.9375,16,0.625,0.5208333333333334,0.20833333333333331,7259.6875
window80_no_overlap,10,10,10,0.25,16,1.0,0.6255952380952381,0.12824900793650792,19488.8125,16,0.9375,0.5453869047619048,0.11021825396825397,21284.875
window80_no_overlap,1,20,10,1.0,16,0.5625,0.5625,0.5625,2188,16,0.25,0.25,0.25,2166.3125
window80_no_overlap,1,20,10,0.25,16,0.4375,0.4375,0.4375,2475.125,16,0.375,0.375,0.375,2551.0625
window80_no_overlap,1,10,10,0.5,16,0.5,0.5,0.5,2539.125,16,0.5,0.5,0.5,2599.8125
window80_no_overlap,5,10,60,0.25,16,0.875,0.6166666666666667,0.18333333333333335,11655.8125,16,0.78125,0.5614583333333333,0.1625,11843.5
window80_no_overlap,5,20,10,0.0,16,0.875,0.5510416666666667,0.17500000000000002,11602.4375,16,0.78125,0.540625,0.1625,11719.8125
window80_no_overlap,1,20,10,0.5,16,0.5,0.5,0.5,2539.125,16,0.5,0.5,0.5,2599.8125
window80_no_overlap,1,20,60,1.0,16,0.5625,0.5625,0.5625,2188,16,0.25,0.25,0.25,2166.3125
window80_no_overlap,3,40,10,0.25,16,0.8125,0.6041666666666666,0.2708333333333333,6973.5,16,0.5625,0.5,0.1875,7177.25
window80_no_overlap,3,10,60,0.5,16,0.875,0.6770833333333334,0.29166666666666663,7339.9375,16,0.6875,0.5729166666666666,0.22916666666666666,7394
window80_no_overlap,5,10,60,1.0,16,0.875,0.7083333333333334,0.21145833333333333,9359.875,16,0.90625,0.5177083333333333,0.19687500000000002,10766
window80_no_overlap,3,10,60,0.0,16,0.6875,0.5104166666666666,0.2708333333333333,6822.875,16,0.625,0.5,0.20833333333333331,6800.4375
window80_overlap30,3,10,10,0.5,16,0.75,0.5520833333333334,0.25,7221.75,16,0.625,0.5,0.20833333333333331,7291
window80_overlap30,5,10,10,0.25,16,0.8125,0.575,0.17395833333333333,11156,16,0.6875,0.5177083333333333,0.1375,12202
window80_overlap30,1,40,60,0.0,16,0.3125,0.3125,0.3125,2316.75,16,0.375,0.375,0.375,2625.625
window80_overlap30,1,40,10,0.25,16,0.4375,0.4375,0.4375,2419.9375,16,0.375,0.375,0.375,2581.8125
window80_overlap30,1,20,60,0.75,16,0.4375,0.4375,0.4375,2467.8125,16,0.4375,0.4375,0.4375,2541.625
window80_overlap30,5,20,60,0.25,16,0.8125,0.6166666666666667,0.16562500000000002,11661.75,16,0.6875,0.49166666666666664,0.1375,11870.0625
window80_overlap30,3,20,10,0.75,16,0.75,0.59375,0.25,7163.9375,16,0.625,0.5,0.20833333333333331,6905.5625
window80_overlap30,1,40,10,1.0,16,0.375,0.375,0.375,2320.3125,16,0.3125,0.3125,0.3125,2449.6875
window80_overlap30,1,20,60,0.25,16,0.5,0.5,0.5,2526.9375,16,0.375,0.375,0.375,2731.375
window80_overlap30,10,20,10,0.5,16,1.0,0.6245535714285714,0.11093750000000001,21695.6875,16,0.90625,0.5474702380952381,0.09444444444444444,22719.5625
window80_overlap30,3,10,10,0.0,16,0.6875,0.4791666666666667,0.2708333333333333,6924.1875,16,0.5625,0.4583333333333333,0.1875,7167.375
window80_overlap30,10,40,10,1.0,16,0.9375,0.5817708333333333,0.09531250000000001,21839.8125,16,0.90625,0.5229166666666667,0.09375,22371
window80_overlap30,3,20,60,1.0,16,0.75,0.5520833333333334,0.25,6719.625,16,0.59375,0.4583333333333333,0.20833333333333331,7246.5
window80_overlap30,1,20,60,0.0,16,0.3125,0.3125,0.3125,2316.75,16,0.375,0.375,0.375,2625.625
window80_overlap30,10,20,10,0.0,16,0.9375,0.5255208333333333,0.12981150793650795,18548.5625,16,0.78125,0.5063244047619048,0.0920138888888889,20913.75
window80_overlap30,1,20,10,0.75,16,0.4375,0.4375,0.4375,2476.625,16,0.375,0.375,0.375,2507.5
window80_overlap30,5,10,10,0.5,16,0.8125,0.5677083333333334,0.17395833333333333,11017.8125,16,0.71875,0.525,0.15000000000000002,12018
window80_overlap30,3,40,60,1.0,16,0.75,0.5520833333333334,0.25,6719.625,16,0.59375,0.4583333333333333,0.20833333333333331,7246.5
window80_overlap30,3,10,60,0.75,16,0.75,0.59375,0.25,7124.125,16,0.625,0.5104166666666666,0.20833333333333331,7209
window80_overlap30,1,10,60,1.0,16,0.375,0.375,0.375,2320.3125,16,0.3125,0.3125,0.3125,2449.6875
window80_overlap30,1,40,60,0.75,16,0.4375,0.4375,0.4375,2467.8125,16,0.5,0.5,0.5,2496.25
window80_overlap30,5,20,60,1.0,16,0.8125,0.5677083333333334,0.17395833333333333,10694.5,16,0.78125,0.5020833333333333,0.1625,11938.5625
window80_overlap30,5,10,60,0.0,16,0.8125,0.5072916666666667,0.23541666666666666,10210.75,16,0.6875,0.4895833333333333,0.15,11042.25
window80_overlap30,1,40,60,0.25,16,0.5,0.5,0.5,2526.9375,16,0.4375,0.4375,0.4375,2782.6875
window80_overlap30,10,20,60,1.0,16,0.875,0.5755208333333334,0.11458333333333334,19379.75,16,0.90625,0.5229166666666667,0.11297123015873016,19286.125
window80_overlap30,10,20,60,0.25,16,1.0,0.6411458333333333,0.11093750000000001,21870.8125,16,0.84375,0.5126736111111111,0.08819444444444445,22967.9375
window80_overlap30,1,10,60,0.5,16,0.375,0.375,0.375,2545.5,16,0.4375,0.4375,0.4375,2576.8125
window80_overlap30,3,20,60,0.0,16,0.6875,0.4791666666666667,0.22916666666666666,7228.75,16,0.5625,0.4583333333333333,0.1875,7279.75
window80_overlap30,10,10,10,0.75,16,0.9375,0.6210069444444445,0.14330357142857142,16323.1875,16,0.84375,0.5072916666666667,0.10359623015873015,19665.25
window80_overlap30,5,40,10,0.25,16,0.8125,0.575,0.1625,11976.125,16,0.6875,0.496875,0.1375,12026.375
window80_overlap30,1,10,60,0.0,16,0.3125,0.3125,0.3125,2316.75,16,0.375,0.375,0.375,2625.625
window80_overlap30,5,40,60,1.0,16,0.8125,0.5677083333333334,0.1625,11179.25,16,0.78125,0.5020833333333333,0.1625,11938.5625
window80_overlap30,10,10,10,0.5,16,0.9375,0.584375,0.14330357142857142,16341.25,16,0.84375,0.540625,0.10359623015873015,19906.8125
window80_overlap30,1,40,10,0.75,16,0.375,0.375,0.375,2444.125,16,0.375,0.375,0.375,2507.5
window80_overlap30,3,40,10,0.0,16,0.6875,0.4791666666666667,0.22916666666666666,7228.75,16,0.5625,0.4583333333333333,0.1875,7279.75
window80_overlap30,5,20,10,1.0,16,0.8125,0.5677083333333334,0.17395833333333333,10694.5,16,0.78125,0.5020833333333333,0.1625,11938.5625
window80_overlap30,10,20,10,0.75,16,1.0,0.6299355158730159,0.11093750000000001,21323.25,16,0.90625,0.5579861111111111,0.09444444444444444,22087.25
window80_overlap30,5,20,60,0.5,16,0.8125,0.5729166666666666,0.16562500000000002,11571.9375,16,0.75,0.525,0.15000000000000002,11733.5625
window80_overlap30,1,20,10,0.0,16,0.3125,0.3125,0.3125,2316.75,16,0.375,0.375,0.375,2625.625
window80_overlap30,5,20,10,0.25,16,0.8125,0.575,0.16562500000000002,11743.625,16,0.625,0.4739583333333333,0.125,12154.875
window80_overlap30,5,20,10,0.75,16,0.8125,0.60625,0.16562500000000002,11330.9375,16,0.78125,0.540625,0.1625,12008.5
window80_overlap30,3,20,10,1.0,16,0.75,0.5520833333333334,0.25,6719.625,16,0.59375,0.4583333333333333,0.20833333333333331,7246.5
window80_overlap30,5,20,10,0.5,16,0.8125,0.5989583333333334,0.16562500000000002,11613.1875,16,0.6875,0.5125,0.1375,11905.875
window80_overlap30,5,40,10,1.0,16,0.8125,0.5677083333333334,0.1625,11179.25,16,0.78125,0.5020833333333333,0.1625,11938.5625
window80_overlap30,5,40,60,0.5,16,0.875,0.5854166666666667,0.17500000000000002,12041.8125,16,0.78125,0.590625,0.1625,11451.0625
window80_overlap30,10,20,60,0.0,16,0.9375,0.5255208333333333,0.12981150793650795,18548.5625,16,0.78125,0.5063244047619048,0.0920138888888889,20913.75
window80_overlap30,1,10,10,0.0,16,0.3125,0.3125,0.3125,2316.75,16,0.375,0.375,0.375,2625.625
window80_overlap30,10,40,10,0.75,16,1.0,0.6006696428571429,0.1,22599.6875,16,0.9375,0.5651785714285714,0.1,22410.9375
window80_overlap30,5,10,10,1.0,16,0.8125,0.5677083333333334,0.21979166666666666,9294.75,16,0.71875,0.4864583333333333,0.15625,11224.1875
window80_overlap30,3,40,60,0.75,16,0.75,0.59375,0.25,7105.875,16,0.6875,0.59375,0.22916666666666666,7021.625
window80_overlap30,3,10,10,1.0,16,0.75,0.5520833333333334,0.2708333333333333,6439.6875,16,0.59375,0.4583333333333333,0.20833333333333331,7066.125
window80_overlap30,3,40,10,0.75,16,0.75,0.5625,0.25,6867.1875,16,0.6875,0.5208333333333334,0.22916666666666666,7025.9375
window80_overlap30,10,40,60,0.75,16,1.0,0.6349702380952381,0.1,22905.375,16,0.9375,0.6412202380952381,0.1,22375.75
window80_overlap30,10,10,60,1.0,16,0.875,0.5755208333333334,0.20248015873015873,11887.6875,16,0.84375,0.5072916666666667,0.14206349206349206,14558.25
window80_overlap30,5,40,60,0.75,16,0.8125,0.609375,0.1625,11782.8125,16,0.78125,0.621875,0.1625,11342.1875
window80_overlap30,10,40,10,0.0,16,0.9375,0.5255208333333333,0.09375,23385.375,16,0.84375,0.5125744047619047,0.08750000000000001,22834.9375
window80_overlap30,3,20,10,0.5,16,0.75,0.5833333333333334,0.25,7299,16,0.625,0.5,0.20833333333333331,7140.5625
window80_overlap30,3,40,60,0.5,16,0.8125,0.5729166666666666,0.2708333333333333,7365,16,0.6875,0.5625,0.22916666666666666,7106.375
window80_overlap30,1,10,10,1.0,16,0.375,0.375,0.375,2320.3125,16,0.3125,0.3125,0.3125,2449.6875
window80_overlap30,5,40,60,0.0,16,0.8125,0.5072916666666667,0.1625,11796.4375,16,0.6875,0.4895833333333333,0.1375,12147.125
window80_overlap30,3,20,10,0.0,16,0.6875,0.4791666666666667,0.22916666666666666,7228.75,16,0.5625,0.4583333333333333,0.1875,7279.75
window80_overlap30,10,20,10,0.25,16,1.0,0.5994791666666667,0.11093750000000001,21922.25,16,0.84375,0.5053819444444444,0.08819444444444445,23059.125
window80_overlap30,1,10,10,0.75,16,0.4375,0.4375,0.4375,2476.625,16,0.3125,0.3125,0.3125,2570.625
window80_overlap30,5,10,60,0.5,16,0.8125,0.5572916666666666,0.17395833333333333,11017.8125,16,0.71875,0.525,0.15000000000000002,12018
window80_overlap30,3,40,60,0.0,16,0.6875,0.4791666666666667,0.22916666666666666,7228.75,16,0.5625,0.4583333333333333,0.1875,7279.75
window80_overlap30,5,40,60,0.25,16,0.875,0.6291666666666667,0.17500000000000002,12030.5,16,0.78125,0.5458333333333333,0.1625,11684.0625
window80_overlap30,10,40,10,0.25,16,0.9375,0.5958333333333333,0.09375,23038.8125,16,0.90625,0.5302827380952381,0.09375,23129.1875
window80_overlap30,1,10,60,0.75,16,0.4375,0.4375,0.4375,2476.625,16,0.4375,0.4375,0.4375,2576.8125
window80_overlap30,5,40,10,0.75,16,0.8125,0.575,0.1625,11530.375,16,0.78125,0.5458333333333333,0.1625,11863.6875
window80_overlap30,3,10,10,0.25,16,0.75,0.5625,0.25,7299.4375,16,0.5625,0.4895833333333333,0.1875,7514.5
window80_overlap30,10,20,10,1.0,16,0.875,0.5755208333333334,0.11458333333333334,19379.75,16,0.90625,0.5229166666666667,0.11297123015873016,19286.125
window80_overlap30,3,20,10,0.25,16,0.75,0.5625,0.25,7404.5625,16,0.5625,0.4583333333333333,0.1875,7408.8125
window80_overlap30,3,40,10,1.0,16,0.75,0.5520833333333334,0.25,6719.625,16,0.59375,0.4583333333333333,0.20833333333333331,7246.5
window80_overlap30,1,20,60,0.5,16,0.375,0.375,0.375,2536.6875,16,0.4375,0.4375,0.4375,2545.9375
window80_overlap30,5,10,10,0.0,16,0.8125,0.5072916666666667,0.23541666666666666,10210.75,16,0.6875,0.4895833333333333,0.15,11042.25
window80_overlap30,5,40,10,0.0,16,0.8125,0.5072916666666667,0.1625,11796.4375,16,0.6875,0.4895833333333333,0.1375,12147.125
window80_overlap30,1,40,10,0.5,16,0.4375,0.4375,0.4375,2535.6875,16,0.4375,0.4375,0.4375,2634.3125
window80_overlap30,10,10,60,0.25,16,0.875,0.6140625,0.13705357142857144,16252.5,16,0.84375,0.5394097222222223,0.10359623015873015,20046.4375
window80_overlap30,10,10,60,0.5,16,0.9375,0.5739583333333333,0.14330357142857142,16341.25,16,0.84375,0.540625,0.10359623015873015,19906.8125
window80_overlap30,5,10,10,0.75,16,0.8125,0.60625,0.17395833333333333,10840.3125,16,0.71875,0.4864583333333333,0.15000000000000002,12056
window80_overlap30,10,40,10,0.5,16,1.0,0.6236111111111111,0.1,22978.4375,16,0.9375,0.5705605158730158,0.1,22939.3125
window80_overlap30,5,20,60,0.75,16,0.875,0.6375,0.178125,11727.3125,16,0.8125,0.571875,0.1625,11662.6875
window80_overlap30,3,10,60,1.0,16,0.75,0.5520833333333334,0.2708333333333333,6439.6875,16,0.59375,0.4583333333333333,0.20833333333333331,7066.125
window80_overlap30,3,10,10,0.75,16,0.75,0.59375,0.25,7067.9375,16,0.625,0.4583333333333333,0.20833333333333331,7114.375
window80_overlap30,1,40,10,0.0,16,0.3125,0.3125,0.3125,2316.75,16,0.375,0.375,0.375,2625.625
window80_overlap30,1,40,60,0.5,16,0.375,0.375,0.375,2536.6875,16,0.5,0.5,0.5,2650.4375
window80_overlap30,1,10,60,0.25,16,0.5,0.5,0.5,2543,16,0.4375,0.4375,0.4375,2690
window80_overlap30,10,10,60,0.0,16,0.8125,0.5072916666666667,0.2261904761904762,11037.125,16,0.6875,0.4895833333333333,0.1380952380952381,12212.375
window80_overlap30,10,20,60,0.75,16,1.0,0.6522569444444445,0.11093750000000001,21342.875,16,0.90625,0.5927083333333333,0.09444444444444444,22187.6875
window80_overlap30,10,40,60,1.0,16,0.9375,0.5817708333333333,0.09531250000000001,21839.8125,16,0.90625,0.5229166666666667,0.09375,22371
window80_overlap30,10,10,60,0.75,16,0.9375,0.6210069444444445,0.14330357142857142,16281.9375,16,0.84375,0.559375,0.10359623015873015,19707.6875
window80_overlap30,10,40,60,0.5,16,0.9375,0.5958333333333333,0.09375,22988.1875,16,0.9375,0.6099702380952381,0.1,22604.0625
window80_overlap30,3,20,60,0.5,16,0.8125,0.5729166666666666,0.2708333333333333,7261.4375,16,0.625,0.5,0.20833333333333331,7098.8125
window80_overlap30,10,40,60,0.25,16,0.9375,0.6395833333333333,0.09375,22871.75,16,0.90625,0.5636904761904762,0.09375,22746.9375
window80_overlap30,3,20,60,0.25,16,0.75,0.6041666666666666,0.25,7353.125,16,0.625,0.4791666666666667,0.20833333333333331,7085.375
window80_overlap30,10,40,60,0.0,16,0.9375,0.5255208333333333,0.09375,23385.375,16,0.84375,0.5125744047619047,0.08750000000000001,22834.9375
window80_overlap30,1,10,10,0.25,16,0.4375,0.4375,0.4375,2456.5625,16,0.4375,0.4375,0.4375,2572.0625
window80_overlap30,1,40,60,1.0,16,0.375,0.375,0.375,2320.3125,16,0.3125,0.3125,0.3125,2449.6875
window80_overlap30,3,20,60,0.75,16,0.8125,0.625,0.2708333333333333,7083.875,16,0.625,0.53125,0.20833333333333331,7236.1875
window80_overlap30,10,10,10,0.0,16,0.8125,0.5072916666666667,0.2261904761904762,11037.125,16,0.6875,0.4895833333333333,0.1380952380952381,12212.375
window80_overlap30,5,20,60,0.0,16,0.8125,0.5072916666666667,0.17083333333333334,11391.125,16,0.6875,0.4895833333333333,0.1375,12147.125
window80_overlap30,3,40,10,0.5,16,0.75,0.5833333333333334,0.25,7245.4375,16,0.6875,0.53125,0.22916666666666666,7114
window80_overlap30,5,40,10,0.5,16,0.8125,0.5958333333333333,0.1625,11921.8125,16,0.75,0.546875,0.15000000000000002,11540.25
window80_overlap30,3,40,60,0.25,16,0.75,0.6041666666666666,0.25,7355.6875,16,0.5625,0.4895833333333333,0.1875,7455.0625
window80_overlap30,10,10,10,1.0,16,0.875,0.5755208333333334,0.20248015873015873,11887.6875,16,0.84375,0.5072916666666667,0.14206349206349206,14558.25
window80_overlap30,10,20,60,0.5,16,1.0,0.5985119047619047,0.11093750000000001,21654.4375,16,0.90625,0.5495535714285714,0.09444444444444444,22679.0625
window80_overlap30,5,10,60,0.75,16,0.8125,0.60625,0.17395833333333333,10799.0625,16,0.71875,0.5385416666666667,0.15000000000000002,12098.4375
window80_overlap30,3,10,60,0.25,16,0.75,0.59375,0.25,7258.1875,16,0.5625,0.4895833333333333,0.1875,7427.1875
window80_overlap30,10,10,10,0.25,16,0.875,0.5828125,0.13705357142857144,16293.75,16,0.84375,0.5394097222222223,0.10359623015873015,20133.75
window80_overlap30,1,20,10,1.0,16,0.375,0.375,0.375,2320.3125,16,0.3125,0.3125,0.3125,2449.6875
window80_overlap30,1,20,10,0.25,16,0.4375,0.4375,0.4375,2431.375,16,0.375,0.375,0.375,2581.8125
window80_overlap30,1,10,10,0.5,16,0.375,0.375,0.375,2545.5,16,0.4375,0.4375,0.4375,2576.8125
window80_overlap30,5,10,60,0.25,16,0.8125,0.60625,0.17395833333333333,11114.75,16,0.6875,0.5177083333333333,0.1375,12114.6875
window80_overlap30,5,20,10,0.0,16,0.8125,0.5072916666666667,0.17083333333333334,11391.125,16,0.6875,0.4895833333333333,0.1375,12147.125
window80_overlap30,1,20,10,0.5,16,0.4375,0.4375,0.4375,2535.6875,16,0.4375,0.4375,0.4375,2581.125
window80_overlap30,1,20,60,1.0,16,0.375,0.375,0.375,2320.3125,16,0.3125,0.3125,0.3125,2449.6875
window80_overlap30,3,40,10,0.25,16,0.75,0.5625,0.25,7451.125,16,0.5625,0.46875,0.1875,7296.6875
window80_overlap30,3,10,60,0.5,16,0.75,0.5416666666666666,0.25,7221.75,16,0.625,0.5,0.20833333333333331,7291
window80_overlap30,5,10,60,1.0,16,0.8125,0.5677083333333334,0.21979166666666666,9294.75,16,0.71875,0.4864583333333333,0.15625,11224.1875
window80_overlap30,3,10,60,0.0,16,0.6875,0.4791666666666667,0.2708333333333333,6924.1875,16,0.5625,0.4583333333333333,0.1875,7167.375
