run_id,instance_id,variant,repeat_index,success,tests_passed,total_tokens,elapsed_seconds,excluded_unstable_tests_count,ignored_environment_failures_count,unexpected_failures_count
c1f4af0e7bf141b0bb4bb77da165d610,marshmallow-code__marshmallow-1359,single_no_rag,1,True,True,70410,71.301529,0,0,0
c1f4af0e7bf141b0bb4bb77da165d610,marshmallow-code__marshmallow-1359,single_no_rag,2,True,True,61826,54.519701,0,0,0
c1f4af0e7bf141b0bb4bb77da165d610,marshmallow-code__marshmallow-1359,single_no_rag,3,True,True,57450,50.586637,0,0,0
c1f4af0e7bf141b0bb4bb77da165d610,pydicom__pydicom-1139,single_no_rag,1,False,False,146540,103.244064,2,2,1
c1f4af0e7bf141b0bb4bb77da165d610,pydicom__pydicom-1139,single_no_rag,2,False,False,143189,118.476701,2,2,1
c1f4af0e7bf141b0bb4bb77da165d610,pydicom__pydicom-1139,single_no_rag,3,False,False,126533,73.587059,2,2,1
c1f4af0e7bf141b0bb4bb77da165d610,pylint-dev__astroid-1333,single_no_rag,1,False,False,247860,227.60012,1,1,1
c1f4af0e7bf141b0bb4bb77da165d610,pylint-dev__astroid-1333,single_no_rag,2,False,False,339157,417.361258,1,1,1
c1f4af0e7bf141b0bb4bb77da165d610,pylint-dev__astroid-1333,single_no_rag,3,False,False,214077,575.989043,1,1,1
c1f4af0e7bf141b0bb4bb77da165d610,sqlfluff__sqlfluff-1763,single_no_rag,1,False,False,208914,172.493008,37,37,1
c1f4af0e7bf141b0bb4bb77da165d610,sqlfluff__sqlfluff-1763,single_no_rag,2,False,False,141530,108.901954,37,37,1
c1f4af0e7bf141b0bb4bb77da165d610,sqlfluff__sqlfluff-1763,single_no_rag,3,False,False,169478,120.777383,37,37,1
c1f4af0e7bf141b0bb4bb77da165d610,marshmallow-code__marshmallow-1343,single_no_rag,1,True,True,131392,106.985858,0,0,0
c1f4af0e7bf141b0bb4bb77da165d610,marshmallow-code__marshmallow-1343,single_no_rag,2,True,True,117013,110.814468,0,0,0
c1f4af0e7bf141b0bb4bb77da165d610,marshmallow-code__marshmallow-1343,single_no_rag,3,True,True,97337,72.610697,0,0,0
c1f4af0e7bf141b0bb4bb77da165d610,pydicom__pydicom-1256,single_no_rag,1,True,True,113520,79.606737,0,0,0
c1f4af0e7bf141b0bb4bb77da165d610,pydicom__pydicom-1256,single_no_rag,2,True,True,116816,75.852611,0,0,0
c1f4af0e7bf141b0bb4bb77da165d610,pydicom__pydicom-1256,single_no_rag,3,True,True,129813,79.090711,0,0,0
c1f4af0e7bf141b0bb4bb77da165d610,pylint-dev__astroid-1866,single_no_rag,1,True,True,137300,77.826118,0,0,0
c1f4af0e7bf141b0bb4bb77da165d610,pylint-dev__astroid-1866,single_no_rag,2,True,True,99010,136.931613,0,0,0
c1f4af0e7bf141b0bb4bb77da165d610,pylint-dev__astroid-1866,single_no_rag,3,True,True,101959,84.420241,0,0,0
c1f4af0e7bf141b0bb4bb77da165d610,pydicom__pydicom-1413,single_no_rag,1,True,True,202697,122.283313,2,2,0
c1f4af0e7bf141b0bb4bb77da165d610,pydicom__pydicom-1413,single_no_rag,2,True,True,231539,227.545868,2,2,0
c1f4af0e7bf141b0bb4bb77da165d610,pydicom__pydicom-1413,single_no_rag,3,True,True,146318,127.914487,2,2,0
c1f4af0e7bf141b0bb4bb77da165d610,pylint-dev__astroid-1978,single_no_rag,1,False,False,118006,96.501248,0,0,1
c1f4af0e7bf141b0bb4bb77da165d610,pylint-dev__astroid-1978,single_no_rag,2,False,False,106112,128.821583,0,0,1
c1f4af0e7bf141b0bb4bb77da165d610,pylint-dev__astroid-1978,single_no_rag,3,False,False,121142,135.981657,0,0,1
c1f4af0e7bf141b0bb4bb77da165d610,pydicom__pydicom-1694,single_no_rag,1,True,True,96997,81.573385,0,0,0
c1f4af0e7bf141b0bb4bb77da165d610,pydicom__pydicom-1694,single_no_rag,2,True,True,84863,76.298044,0,0,0
c1f4af0e7bf141b0bb4bb77da165d610,pydicom__pydicom-1694,single_no_rag,3,True,True,110633,86.583864,0,0,0
c1f4af0e7bf141b0bb4bb77da165d610,pylint-dev__astroid-1196,single_no_rag,1,True,True,173486,140.106584,0,0,0
c1f4af0e7bf141b0bb4bb77da165d610,pylint-dev__astroid-1196,single_no_rag,2,True,True,115179,65.235248,0,0,0
c1f4af0e7bf141b0bb4bb77da165d610,pylint-dev__astroid-1196,single_no_rag,3,True,True,141207,98.846029,0,0,0
