workload,repeat,concurrency,worker_concurrency,requests,seconds,requests_per_second,p50_ms,p95_ms,p99_ms,errors,api_cpu_single_core_pct,api_rss_peak_mib,worker_cpu_single_core_pct,worker_rss_peak_mib,request_to_runner_start_mean_ms
task_detail_20_events,1,1,,240,3.2125620000297204,74.70672939472598,6.7687000264413655,38.25909999432042,46.8199000461027,0,29.66868810597842,171.1328125,,,
task_detail_20_events,1,4,,240,1.3978579000104219,171.6912713360998,13.021599967032671,51.73940001986921,93.40359998168424,0,103.95369944177916,180.0546875,,,
task_detail_20_events,1,16,,240,1.1383337000152096,210.83448552633845,71.85759994899854,81.14279998699203,84.83459998387843,0,172.9501639083245,193.5,,,
task_detail_20_events,1,32,,240,1.1466998999821953,209.29625964363166,121.60840001888573,230.18239997327328,307.11160000646487,0,220.74214884289276,211.125,,,
task_detail_20_events,2,32,,240,1.0514234000002034,228.26199226682,109.86299999058247,275.3822000231594,278.51500001270324,0,203.59305299840065,214.85546875,,,
task_detail_20_events,2,16,,240,1.0410403999849223,230.53860350037905,68.47940001171082,82.20830000936985,88.13709998503327,0,189.1136981839047,218.8125,,,
task_detail_20_events,2,4,,240,1.4562828000052832,164.80315499100126,13.759199995547533,49.26429997431114,58.45210002735257,0,100.85609745543047,220.34765625,,,
task_detail_20_events,2,1,,240,2.9358044000109658,81.74931545136438,6.765099999029189,38.5101999854669,43.05090004345402,0,37.25554740622075,219.11328125,,,
task_detail_20_events,3,1,,240,3.210835500038229,74.74689998822502,6.9139000261202455,38.49379997700453,40.66409997176379,0,28.22474088097039,219.11328125,,,
task_detail_20_events,3,4,,240,1.5327854999923147,156.57768161377007,15.530800039414316,47.068199957720935,60.34040002850816,0,100.91920885262525,219.27734375,,,
task_detail_20_events,3,16,,240,1.2655623000464402,189.63902448041722,75.99389995448291,118.92579996492714,171.1904999683611,0,169.1441819909971,231.8203125,,,
task_detail_20_events,3,32,,240,1.0485399999888614,228.88969424394827,105.91109999222681,242.22780001582578,243.02509997505695,0,198.19224827112706,246.82421875,,,
execute_50ms_stub_sse,1,16,1,48,6.900193899986334,6.956326256294778,2157.3840000201017,2281.006700010039,2553.464199998416,0,38.94818086206712,199.390625,29.21113564655034,104.89453125,1663.291666670072
execute_50ms_stub_sse,2,16,1,48,6.793941700016148,7.065118030065802,2069.3409999948926,2274.771500029601,3043.171200028155,0,33.577709387682525,199.8046875,29.66797610281538,105.4609375,1630.5416666570334
execute_50ms_stub_sse,3,16,1,48,7.02190230000997,6.835754464987621,2145.0772999669425,2316.8079999741167,2624.893100000918,0,38.273104426362984,198.89453125,26.92468392784838,105.8671875,1683.437500004705
execute_50ms_stub_sse,1,16,2,48,4.709654799953569,10.191829770724008,1382.8954999917187,1674.86829997506,1805.1470000064,0,41.802426793985184,144.3828125,41.802426793985184,105.8203125,1002.1874999935487
execute_50ms_stub_sse,2,16,2,48,7.376508800021838,6.507143325018184,1752.5010000099428,4165.905500005465,5079.8418999766,0,45.32970936047824,73.84375,25.84217075690815,105.97265625,1871.6666666562862
execute_50ms_stub_sse,3,16,2,48,5.382168399984948,8.918338564087708,1582.0876999641769,1792.7112000179477,2101.5219999826513,0,75.77104053472955,67.21484375,49.933406022886906,106.83984375,1171.4374999949844
execute_50ms_stub_sse,1,16,4,48,4.175601400027517,11.495350106857344,1227.6901999721304,1609.9375000339933,1749.1413000389002,0,68.47815981624005,60.87109375,47.52309451728134,107.9296875,845.416666653667
execute_50ms_stub_sse,2,16,4,48,4.062680199975148,11.81486054459655,1157.372599991504,1532.9962000250816,1660.8608000096865,0,61.92033032812646,61.03125,46.15179900233028,108.359375,827.7291666684808
execute_50ms_stub_sse,3,16,4,48,4.073909799975809,11.782293265374955,1175.0138000352308,1559.682300023269,1660.6100999633782,0,60.98257256492896,149.92578125,45.257506683406405,107.0,830.625000003541
