case_id,repeat_index,historical_success,historical_tests_passed,verifier_recheck_passed,returncode,total_tokens,elapsed_seconds
add_bug,1,True,True,True,0,31082,72.671756
add_bug,2,True,True,True,0,31416,52.365448
add_bug,3,True,True,True,0,30146,50.67043
cache_expiration,1,True,True,True,0,44045,82.068692
cache_expiration,2,True,True,True,0,54013,67.282932
cache_expiration,3,True,True,True,0,41259,57.839634
config_timeout,1,True,True,True,0,36434,76.229753
config_timeout,2,True,True,True,0,33312,60.251586
config_timeout,3,True,True,True,0,31336,55.624517
email_normalization,1,True,True,True,0,36302,55.644895
email_normalization,2,True,True,True,0,29128,45.736473
email_normalization,3,True,True,True,0,27046,43.197261
inventory_removal,1,True,True,True,0,36120,52.795173
inventory_removal,2,True,True,True,0,43780,86.316304
inventory_removal,3,True,True,True,0,30639,81.223518
order_total,1,True,True,True,0,45537,66.638193
order_total,2,True,True,True,0,75095,99.423228
order_total,3,True,True,True,0,64321,121.28804
pagination_options,1,True,True,True,0,57528,71.168044
pagination_options,2,True,True,True,0,53998,81.748088
pagination_options,3,True,True,True,0,58131,108.95179
request_timeout,1,True,True,True,0,48059,72.835896
request_timeout,2,True,True,True,0,136528,205.568786
request_timeout,3,True,True,True,0,50435,95.663788
role_permissions,1,True,True,True,0,58729,72.717737
role_permissions,2,True,True,True,0,39657,56.32494
role_permissions,3,True,True,True,0,36727,60.601942
